src_idx,dst_idx,src_id,dst_id,band,distance
0,106,c<A>r<16>R<ILE>,c<B>r<63>R<ARG>,long,10.68607266492232
0,107,c<A>r<16>R<ILE>,c<B>r<64>R<ILE>,long,12.712542507303564
0,108,c<A>r<16>R<ILE>,c<B>r<65>R<ARG>,long,12.230291819903561
1,106,c<A>r<17>R<VAL>,c<B>r<63>R<ARG>,long,11.739172883981222
1,108,c<A>r<17>R<VAL>,c<B>r<65>R<ARG>,long,13.82541554529194
2,108,c<A>r<33>R<LEU>,c<B>r<65>R<ARG>,long,12.935335210190729
2,109,c<A>r<33>R<LEU>,c<B>r<66>R<PHE>,long,13.731086810591508
3,108,c<A>r<34>R<ASN>,c<B>r<65>R<ARG>,long,13.518162781975954
3,109,c<A>r<34>R<ASN>,c<B>r<66>R<PHE>,long,13.787101689622801
4,88,c<A>r<37>R<SER>,c<B>r<2>R<PHE>,long,13.502887431953212
4,91,c<A>r<37>R<SER>,c<B>r<8>R<GLY>,long,13.348328172471636
4,92,c<A>r<37>R<SER>,c<B>r<9>R<ASN>,long,11.400546302699707
4,93,c<A>r<37>R<SER>,c<B>r<10>R<PRO>,long,11.770156031251242
4,108,c<A>r<37>R<SER>,c<B>r<65>R<ARG>,long,13.686066271942423
4,109,c<A>r<37>R<SER>,c<B>r<66>R<PHE>,long,12.932106943572649
5,91,c<A>r<38>R<GLY>,c<B>r<8>R<GLY>,long,13.387041532765931
5,92,c<A>r<38>R<GLY>,c<B>r<9>R<ASN>,long,11.391883075242651
5,93,c<A>r<38>R<GLY>,c<B>r<10>R<PRO>,long,12.736858364604672
6,92,c<A>r<39>R<SER>,c<B>r<9>R<ASN>,long,11.968024732594769
6,93,c<A>r<39>R<SER>,c<B>r<10>R<PRO>,long,12.596445093755621
6,95,c<A>r<39>R<SER>,c<B>r<12>R<GLU>,long,13.398309968051942
6,108,c<A>r<39>R<SER>,c<B>r<65>R<ARG>,long,12.81680514012755
6,109,c<A>r<39>R<SER>,c<B>r<66>R<PHE>,long,13.157189441518277
7,92,c<A>r<40>R<HIS>,c<B>r<9>R<ASN>,long,13.846727627854895
7,93,c<A>r<40>R<HIS>,c<B>r<10>R<PRO>,long,13.43420920635078
7,95,c<A>r<40>R<HIS>,c<B>r<12>R<GLU>,long,13.219648482467301
7,107,c<A>r<40>R<HIS>,c<B>r<64>R<ILE>,long,13.522879020386156
7,108,c<A>r<40>R<HIS>,c<B>r<65>R<ARG>,long,10.99262725648423
7,109,c<A>r<40>R<HIS>,c<B>r<66>R<PHE>,long,12.15854736389179
8,88,c<A>r<41>R<PHE>,c<B>r<2>R<PHE>,long,12.614854299594587
8,92,c<A>r<41>R<PHE>,c<B>r<9>R<ASN>,long,12.262547369939087
8,93,c<A>r<41>R<PHE>,c<B>r<10>R<PRO>,long,10.91695566538584
8,94,c<A>r<41>R<PHE>,c<B>r<11>R<LEU>,long,12.360246194959064
8,95,c<A>r<41>R<PHE>,c<B>r<12>R<GLU>,long,10.67024938790092
8,96,c<A>r<41>R<PHE>,c<B>r<13>R<ASN>,long,12.1826947757875
8,106,c<A>r<41>R<PHE>,c<B>r<63>R<ARG>,long,12.433472282512234
8,107,c<A>r<41>R<PHE>,c<B>r<64>R<ILE>,medium,9.970383894314201
8,108,c<A>r<41>R<PHE>,c<B>r<65>R<ARG>,medium,7.702127368461261
8,109,c<A>r<41>R<PHE>,c<B>r<66>R<PHE>,medium,8.661535776061887
8,110,c<A>r<41>R<PHE>,c<B>r<67>R<ILE>,long,12.341429576835901
8,111,c<A>r<41>R<PHE>,c<B>r<68>R<ALA>,long,13.44319489555961
9,88,c<A>r<42>R<CYS>,c<B>r<2>R<PHE>,long,13.8452658334898
9,93,c<A>r<42>R<CYS>,c<B>r<10>R<PRO>,long,13.5649746037359
9,95,c<A>r<42>R<CYS>,c<B>r<12>R<GLU>,long,12.905330255363475
9,96,c<A>r<42>R<CYS>,c<B>r<13>R<ASN>,long,13.424270296742387
9,106,c<A>r<42>R<CYS>,c<B>r<63>R<ARG>,long,11.06251047457131
9,107,c<A>r<42>R<CYS>,c<B>r<64>R<ILE>,medium,9.158398440775548
9,108,c<A>r<42>R<CYS>,c<B>r<65>R<ARG>,medium,8.27497438062499
9,109,c<A>r<42>R<CYS>,c<B>r<66>R<PHE>,medium,9.88084454892394
9,110,c<A>r<42>R<CYS>,c<B>r<67>R<ILE>,long,13.266864022820158
9,111,c<A>r<42>R<CYS>,c<B>r<68>R<ALA>,long,13.950647583535323
10,106,c<A>r<43>R<GLY>,c<B>r<63>R<ARG>,long,12.445384606351062
10,107,c<A>r<43>R<GLY>,c<B>r<64>R<ILE>,long,11.473657655691145
10,108,c<A>r<43>R<GLY>,c<B>r<65>R<ARG>,long,11.284983872385464
10,109,c<A>r<43>R<GLY>,c<B>r<66>R<PHE>,long,13.337735827343412
11,107,c<A>r<44>R<GLY>,c<B>r<64>R<ILE>,long,13.75324314480043
12,106,c<A>r<54>R<SER>,c<B>r<63>R<ARG>,long,13.690584866980663
12,107,c<A>r<54>R<SER>,c<B>r<64>R<ILE>,long,12.430577862673962
12,108,c<A>r<54>R<SER>,c<B>r<65>R<ARG>,long,13.879132141456106
13,87,c<A>r<55>R<ALA>,c<B>r<1>R<ASP>,long,13.771487247207544
13,105,c<A>r<55>R<ALA>,c<B>r<62>R<TYR>,long,12.388510362428569
13,106,c<A>r<55>R<ALA>,c<B>r<63>R<ARG>,long,11.120629298740246
13,107,c<A>r<55>R<ALA>,c<B>r<64>R<ILE>,medium,9.662284512474264
13,108,c<A>r<55>R<ALA>,c<B>r<65>R<ARG>,long,11.826634136558043
13,109,c<A>r<55>R<ALA>,c<B>r<66>R<PHE>,long,12.419494152339704
13,110,c<A>r<55>R<ALA>,c<B>r<67>R<ILE>,long,13.985208650570788
13,111,c<A>r<55>R<ALA>,c<B>r<68>R<ALA>,long,12.92843339310684
14,87,c<A>r<56>R<ALA>,c<B>r<1>R<ASP>,long,10.687498865497016
14,88,c<A>r<56>R<ALA>,c<B>r<2>R<PHE>,long,11.76737613064187
14,105,c<A>r<56>R<ALA>,c<B>r<62>R<TYR>,long,13.049086021633853
14,106,c<A>r<56>R<ALA>,c<B>r<63>R<ARG>,long,12.645533638403718
14,107,c<A>r<56>R<ALA>,c<B>r<64>R<ILE>,long,10.41902092329217
14,108,c<A>r<56>R<ALA>,c<B>r<65>R<ARG>,long,12.617265710129118
14,109,c<A>r<56>R<ALA>,c<B>r<66>R<PHE>,long,12.048424544312837
14,110,c<A>r<56>R<ALA>,c<B>r<67>R<ILE>,long,12.863990282956529
14,111,c<A>r<56>R<ALA>,c<B>r<68>R<ALA>,long,10.849364727946057
14,112,c<A>r<56>R<ALA>,c<B>r<69>R<GLU>,long,13.064806083520722
14,113,c<A>r<56>R<ALA>,c<B>r<70>R<GLY>,long,13.701773534838475
14,114,c<A>r<56>R<ALA>,c<B>r<71>R<HIS>,long,12.862583993894852
15,87,c<A>r<57>R<HIS>,c<B>r<1>R<ASP>,medium,8.808591090520663
15,88,c<A>r<57>R<HIS>,c<B>r<2>R<PHE>,medium,8.95677788046572
15,89,c<A>r<57>R<HIS>,c<B>r<3>R<VAL>,long,12.170498798323756
15,93,c<A>r<57>R<HIS>,c<B>r<10>R<PRO>,long,12.69874426862751
15,94,c<A>r<57>R<HIS>,c<B>r<11>R<LEU>,long,13.514758784380875
15,95,c<A>r<57>R<HIS>,c<B>r<12>R<GLU>,long,13.455038944573888
15,96,c<A>r<57>R<HIS>,c<B>r<13>R<ASN>,long,12.793112013892475
15,103,c<A>r<57>R<HIS>,c<B>r<60>R<SER>,long,12.623218963481543
15,104,c<A>r<57>R<HIS>,c<B>r<61>R<PRO>,long,13.593541628288047
15,105,c<A>r<57>R<HIS>,c<B>r<62>R<TYR>,long,10.23175190277794
15,106,c<A>r<57>R<HIS>,c<B>r<63>R<ARG>,medium,9.939546971567667
15,107,c<A>r<57>R<HIS>,c<B>r<64>R<ILE>,medium,7.14377519243152
15,108,c<A>r<57>R<HIS>,c<B>r<65>R<ARG>,medium,9.31714768585322
15,109,c<A>r<57>R<HIS>,c<B>r<66>R<PHE>,medium,8.464477833865478
15,110,c<A>r<57>R<HIS>,c<B>r<67>R<ILE>,medium,9.14817244043858
15,111,c<A>r<57>R<HIS>,c<B>r<68>R<ALA>,medium,7.545629330943842
15,112,c<A>r<57>R<HIS>,c<B>r<69>R<GLU>,long,10.259466311655789
15,113,c<A>r<57>R<HIS>,c<B>r<70>R<GLY>,long,11.197939497961222
15,114,c<A>r<57>R<HIS>,c<B>r<71>R<HIS>,medium,9.851691935906238
15,115,c<A>r<57>R<HIS>,c<B>r<72>R<PRO>,long,13.137488572782853
16,87,c<A>r<58>R<CYS>,c<B>r<1>R<ASP>,medium,9.949672155402911
16,88,c<A>r<58>R<CYS>,c<B>r<2>R<PHE>,medium,9.381159043529749
16,89,c<A>r<58>R<CYS>,c<B>r<3>R<VAL>,long,12.747576867781579
16,93,c<A>r<58>R<CYS>,c<B>r<10>R<PRO>,long,11.741983946505803
16,94,c<A>r<58>R<CYS>,c<B>r<11>R<LEU>,long,13.227784470575562
16,95,c<A>r<58>R<CYS>,c<B>r<12>R<GLU>,long,12.842538456239872
16,96,c<A>r<58>R<CYS>,c<B>r<13>R<ASN>,long,13.031879910435025
16,105,c<A>r<58>R<CYS>,c<B>r<62>R<TYR>,long,12.345501771900565
16,106,c<A>r<58>R<CYS>,c<B>r<63>R<ARG>,long,10.922114676197094
16,107,c<A>r<58>R<CYS>,c<B>r<64>R<ILE>,medium,7.892409834771632
16,108,c<A>r<58>R<CYS>,c<B>r<65>R<ARG>,medium,8.663345658577867
16,109,c<A>r<58>R<CYS>,c<B>r<66>R<PHE>,medium,8.164941273518139
16,110,c<A>r<58>R<CYS>,c<B>r<67>R<ILE>,long,10.210328790004754
16,111,c<A>r<58>R<CYS>,c<B>r<68>R<ALA>,medium,9.27431134909757
16,112,c<A>r<58>R<CYS>,c<B>r<69>R<GLU>,long,12.584534397426072
16,114,c<A>r<58>R<CYS>,c<B>r<71>R<HIS>,long,12.886461228747013
17,87,c<A>r<59>R<TYR>,c<B>r<1>R<ASP>,medium,8.294386173792489
17,88,c<A>r<59>R<TYR>,c<B>r<2>R<PHE>,medium,8.87094025456152
17,89,c<A>r<59>R<TYR>,c<B>r<3>R<VAL>,long,12.613771600913026
17,93,c<A>r<59>R<TYR>,c<B>r<10>R<PRO>,long,12.177432118472266
17,107,c<A>r<59>R<TYR>,c<B>r<64>R<ILE>,long,11.25503420696712
17,108,c<A>r<59>R<TYR>,c<B>r<65>R<ARG>,long,11.866206386204478
17,109,c<A>r<59>R<TYR>,c<B>r<66>R<PHE>,long,10.38267913401931
17,110,c<A>r<59>R<TYR>,c<B>r<67>R<ILE>,long,11.794024249593518
17,111,c<A>r<59>R<TYR>,c<B>r<68>R<ALA>,medium,9.78209737224078
17,112,c<A>r<59>R<TYR>,c<B>r<69>R<GLU>,long,12.491386872561428
18,87,c<A>r<60>R<LYS>,c<B>r<1>R<ASP>,medium,8.682841297639849
18,88,c<A>r<60>R<LYS>,c<B>r<2>R<PHE>,medium,8.754131024836221
18,89,c<A>r<60>R<LYS>,c<B>r<3>R<VAL>,long,12.206727366497542
18,90,c<A>r<60>R<LYS>,c<B>r<4>R<LEU>,long,12.848650357138686
18,91,c<A>r<60>R<LYS>,c<B>r<8>R<GLY>,long,13.479420388132423
18,92,c<A>r<60>R<LYS>,c<B>r<9>R<ASN>,long,12.339932698357803
18,93,c<A>r<60>R<LYS>,c<B>r<10>R<PRO>,long,10.910755335905945
18,94,c<A>r<60>R<LYS>,c<B>r<11>R<LEU>,long,13.959384549470656
18,107,c<A>r<60>R<LYS>,c<B>r<64>R<ILE>,long,13.387037013469413
18,108,c<A>r<60>R<LYS>,c<B>r<65>R<ARG>,long,12.979599724182561
18,109,c<A>r<60>R<LYS>,c<B>r<66>R<PHE>,long,11.062529954761706
18,110,c<A>r<60>R<LYS>,c<B>r<67>R<ILE>,long,12.747048403454032
18,111,c<A>r<60>R<LYS>,c<B>r<68>R<ALA>,long,10.985551510962026
18,112,c<A>r<60>R<LYS>,c<B>r<69>R<GLU>,long,13.674668003282568
19,87,c<A>r<61>R<SER>,c<B>r<1>R<ASP>,long,10.256324731598546
19,88,c<A>r<61>R<SER>,c<B>r<2>R<PHE>,long,11.163069470356259
19,93,c<A>r<61>R<SER>,c<B>r<10>R<PRO>,long,13.458755737437246
19,111,c<A>r<61>R<SER>,c<B>r<68>R<ALA>,long,13.814097943767443
20,87,c<A>r<62>R<ARG>,c<B>r<1>R<ASP>,long,13.500854972926716
20,88,c<A>r<62>R<ARG>,c<B>r<2>R<PHE>,long,13.618844150661246
21,87,c<A>r<90>R<THR>,c<B>r<1>R<ASP>,long,12.361714808229477
22,87,c<A>r<94>R<PHE>,c<B>r<1>R<ASP>,long,12.484596709545725
22,111,c<A>r<94>R<PHE>,c<B>r<68>R<ALA>,long,13.060102449827871
22,112,c<A>r<94>R<PHE>,c<B>r<69>R<GLU>,long,13.384223436568892
22,113,c<A>r<94>R<PHE>,c<B>r<70>R<GLY>,long,12.402434317503964
22,114,c<A>r<94>R<PHE>,c<B>r<71>R<HIS>,long,12.67934730181329
23,87,c<A>r<95>R<ASN>,c<B>r<1>R<ASP>,long,11.844318469207082
23,105,c<A>r<95>R<ASN>,c<B>r<62>R<TYR>,long,13.312081204680206
23,107,c<A>r<95>R<ASN>,c<B>r<64>R<ILE>,long,13.922840837989925
23,111,c<A>r<95>R<ASN>,c<B>r<68>R<ALA>,long,11.610724137623805
23,112,c<A>r<95>R<ASN>,c<B>r<69>R<GLU>,long,11.158928174336461
23,113,c<A>r<95>R<ASN>,c<B>r<70>R<GLY>,medium,9.36738266539806
23,114,c<A>r<95>R<ASN>,c<B>r<71>R<HIS>,medium,9.898827556837224
23,115,c<A>r<95>R<ASN>,c<B>r<72>R<PRO>,long,12.477336935420153
23,133,c<A>r<95>R<ASN>,c<B>r<143>R<ASP>,long,12.2856572473759
24,87,c<A>r<96>R<GLY>,c<B>r<1>R<ASP>,medium,9.155351932066838
24,88,c<A>r<96>R<GLY>,c<B>r<2>R<PHE>,long,10.733104210804997
24,89,c<A>r<96>R<GLY>,c<B>r<3>R<VAL>,long,12.838265653895778
24,103,c<A>r<96>R<GLY>,c<B>r<60>R<SER>,long,12.1966890999156
24,104,c<A>r<96>R<GLY>,c<B>r<61>R<PRO>,long,13.015530646116586
24,105,c<A>r<96>R<GLY>,c<B>r<62>R<TYR>,long,10.809643611146484
24,106,c<A>r<96>R<GLY>,c<B>r<63>R<ARG>,long,12.853847439580104
24,107,c<A>r<96>R<GLY>,c<B>r<64>R<ILE>,long,10.997756498486408
24,108,c<A>r<96>R<GLY>,c<B>r<65>R<ARG>,long,13.930568007084277
24,109,c<A>r<96>R<GLY>,c<B>r<66>R<PHE>,long,12.348785081942273
24,110,c<A>r<96>R<GLY>,c<B>r<67>R<ILE>,long,10.56878133939765
24,111,c<A>r<96>R<GLY>,c<B>r<68>R<ALA>,medium,7.93023114417228
24,112,c<A>r<96>R<GLY>,c<B>r<69>R<GLU>,medium,7.694111839582267
24,113,c<A>r<96>R<GLY>,c<B>r<70>R<GLY>,medium,6.255438993388076
24,114,c<A>r<96>R<GLY>,c<B>r<71>R<HIS>,medium,6.409695624598722
24,115,c<A>r<96>R<GLY>,c<B>r<72>R<PRO>,medium,9.51868803985087
24,116,c<A>r<96>R<GLY>,c<B>r<73>R<LEU>,long,12.70491125510131
24,123,c<A>r<96>R<GLY>,c<B>r<118>R<PHE>,long,13.774257475450353
24,124,c<A>r<96>R<GLY>,c<B>r<119>R<ARG>,long,10.957415981881859
24,125,c<A>r<96>R<GLY>,c<B>r<120>R<LEU>,long,11.775130997148182
24,126,c<A>r<96>R<GLY>,c<B>r<121>R<GLU>,long,12.056184471050534
24,133,c<A>r<96>R<GLY>,c<B>r<143>R<ASP>,long,12.17520418719949
25,87,c<A>r<97>R<ASN>,c<B>r<1>R<ASP>,long,11.947322628940759
25,88,c<A>r<97>R<ASN>,c<B>r<2>R<PHE>,long,13.039423108404756
25,103,c<A>r<97>R<ASN>,c<B>r<60>R<SER>,long,11.063450004406402
25,104,c<A>r<97>R<ASN>,c<B>r<61>R<PRO>,long,11.43538451474195
25,105,c<A>r<97>R<ASN>,c<B>r<62>R<TYR>,long,10.170620728352818
25,106,c<A>r<97>R<ASN>,c<B>r<63>R<ARG>,long,13.125724399056992
25,107,c<A>r<97>R<ASN>,c<B>r<64>R<ILE>,long,12.084910467190065
25,109,c<A>r<97>R<ASN>,c<B>r<66>R<PHE>,long,13.916431942132295
25,110,c<A>r<97>R<ASN>,c<B>r<67>R<ILE>,long,11.518511275334152
25,111,c<A>r<97>R<ASN>,c<B>r<68>R<ALA>,medium,9.660319094108642
25,112,c<A>r<97>R<ASN>,c<B>r<69>R<GLU>,medium,8.595780709161911
25,113,c<A>r<97>R<ASN>,c<B>r<70>R<GLY>,short,5.59493127750467
25,114,c<A>r<97>R<ASN>,c<B>r<71>R<HIS>,short,5.399994537034275
25,115,c<A>r<97>R<ASN>,c<B>r<72>R<PRO>,medium,7.139060512420384
25,116,c<A>r<97>R<ASN>,c<B>r<73>R<LEU>,long,10.810281171181439
25,121,c<A>r<97>R<ASN>,c<B>r<116>R<GLY>,long,13.170834066223748
25,122,c<A>r<97>R<ASN>,c<B>r<117>R<TRP>,long,10.947848099055815
25,123,c<A>r<97>R<ASN>,c<B>r<118>R<PHE>,long,11.285060655574695
25,124,c<A>r<97>R<ASN>,c<B>r<119>R<ARG>,medium,9.154482945530019
25,125,c<A>r<97>R<ASN>,c<B>r<120>R<LEU>,long,11.138658851046653
25,126,c<A>r<97>R<ASN>,c<B>r<121>R<GLU>,long,11.95532454599205
25,127,c<A>r<97>R<ASN>,c<B>r<134>R<VAL>,long,13.153446886652942
25,128,c<A>r<97>R<ASN>,c<B>r<135>R<PHE>,long,13.206103475287476
25,129,c<A>r<97>R<ASN>,c<B>r<136>R<CYS>,long,11.13742349019736
25,130,c<A>r<97>R<ASN>,c<B>r<137>R<PRO>,long,13.708001240151681
25,132,c<A>r<97>R<ASN>,c<B>r<139>R<GLN>,long,13.265485140016553
25,133,c<A>r<97>R<ASN>,c<B>r<143>R<ASP>,medium,9.19205678833633
25,134,c<A>r<97>R<ASN>,c<B>r<144>R<LYS>,long,12.449179932830916
25,135,c<A>r<97>R<ASN>,c<B>r<145>R<CYS>,long,12.564871109565747
26,103,c<A>r<98>R<THR>,c<B>r<60>R<SER>,long,12.359195685804153
26,104,c<A>r<98>R<THR>,c<B>r<61>R<PRO>,long,11.548572595779966
26,105,c<A>r<98>R<THR>,c<B>r<62>R<TYR>,medium,9.937609772978611
26,106,c<A>r<98>R<THR>,c<B>r<63>R<ARG>,long,12.839403140333278
26,107,c<A>r<98>R<THR>,c<B>r<64>R<ILE>,long,12.710928644280873
26,110,c<A>r<98>R<THR>,c<B>r<67>R<ILE>,long,13.993556945966239
26,111,c<A>r<98>R<THR>,c<B>r<68>R<ALA>,long,12.557352945585308
26,112,c<A>r<98>R<THR>,c<B>r<69>R<GLU>,long,12.152780504888584
26,113,c<A>r<98>R<THR>,c<B>r<70>R<GLY>,medium,9.327978023130202
26,114,c<A>r<98>R<THR>,c<B>r<71>R<HIS>,medium,8.293872256069537
26,115,c<A>r<98>R<THR>,c<B>r<72>R<PRO>,medium,9.218941425131195
26,116,c<A>r<98>R<THR>,c<B>r<73>R<LEU>,long,12.898349080405598
26,122,c<A>r<98>R<THR>,c<B>r<117>R<TRP>,long,12.54084327308176
26,123,c<A>r<98>R<THR>,c<B>r<118>R<PHE>,long,13.817018274577187
26,124,c<A>r<98>R<THR>,c<B>r<119>R<ARG>,long,12.373307156940701
26,129,c<A>r<98>R<THR>,c<B>r<136>R<CYS>,long,13.078238642875421
26,132,c<A>r<98>R<THR>,c<B>r<139>R<GLN>,long,12.799778669961444
26,133,c<A>r<98>R<THR>,c<B>r<143>R<ASP>,long,10.702018968400308
27,87,c<A>r<99>R<LEU>,c<B>r<1>R<ASP>,long,13.50796539083514
27,103,c<A>r<99>R<LEU>,c<B>r<60>R<SER>,long,12.271734066544955
27,104,c<A>r<99>R<LEU>,c<B>r<61>R<PRO>,long,11.6024102668368
27,105,c<A>r<99>R<LEU>,c<B>r<62>R<TYR>,medium,8.85070714688945
27,106,c<A>r<99>R<LEU>,c<B>r<63>R<ARG>,long,10.817454321604504
27,107,c<A>r<99>R<LEU>,c<B>r<64>R<ILE>,long,10.363200374401721
27,109,c<A>r<99>R<LEU>,c<B>r<66>R<PHE>,long,13.785852929724733
27,110,c<A>r<99>R<LEU>,c<B>r<67>R<ILE>,long,12.795023915569674
27,111,c<A>r<99>R<LEU>,c<B>r<68>R<ALA>,long,11.332799918819708
27,112,c<A>r<99>R<LEU>,c<B>r<69>R<GLU>,long,11.993657532212598
27,113,c<A>r<99>R<LEU>,c<B>r<70>R<GLY>,long,10.202860922309977
27,114,c<A>r<99>R<LEU>,c<B>r<71>R<HIS>,medium,8.705957845062196
27,115,c<A>r<99>R<LEU>,c<B>r<72>R<PRO>,long,10.608072115139487
27,116,c<A>r<99>R<LEU>,c<B>r<73>R<LEU>,long,13.892967141687189
27,124,c<A>r<99>R<LEU>,c<B>r<119>R<ARG>,long,13.884905509221152
28,105,c<A>r<100>R<ASP>,c<B>r<62>R<TYR>,long,12.156570075477703
28,106,c<A>r<100>R<ASP>,c<B>r<63>R<ARG>,long,13.862963067107984
28,107,c<A>r<100>R<ASP>,c<B>r<64>R<ILE>,long,13.731609483232472
28,113,c<A>r<100>R<ASP>,c<B>r<70>R<GLY>,long,13.192563587112252
28,114,c<A>r<100>R<ASP>,c<B>r<71>R<HIS>,long,12.259546851331823
28,115,c<A>r<100>R<ASP>,c<B>r<72>R<PRO>,long,13.97236218396875
29,105,c<A>r<102>R<ASP>,c<B>r<62>R<TYR>,long,11.701949410247849
29,106,c<A>r<102>R<ASP>,c<B>r<63>R<ARG>,long,11.953356055936759
29,107,c<A>r<102>R<ASP>,c<B>r<64>R<ILE>,long,11.093734222523992
29,111,c<A>r<102>R<ASP>,c<B>r<68>R<ALA>,long,13.091651423712747
29,114,c<A>r<102>R<ASP>,c<B>r<71>R<HIS>,long,12.819119665562063
30,107,c<A>r<103>R<ILE>,c<B>r<64>R<ILE>,long,13.11882197455244
31,106,c<A>r<138>R<ILE>,c<B>r<63>R<ARG>,long,13.577905876827986
32,106,c<A>r<139>R<SER>,c<B>r<63>R<ARG>,long,13.751243943731051
33,106,c<A>r<140>R<GLY>,c<B>r<63>R<ARG>,long,12.539988237634038
33,107,c<A>r<140>R<GLY>,c<B>r<64>R<ILE>,long,13.111713884919851
33,108,c<A>r<140>R<GLY>,c<B>r<65>R<ARG>,long,12.519495756618953
34,106,c<A>r<141>R<TRP>,c<B>r<63>R<ARG>,long,13.163918147724862
34,107,c<A>r<141>R<TRP>,c<B>r<64>R<ILE>,long,13.17500516128931
34,108,c<A>r<141>R<TRP>,c<B>r<65>R<ARG>,long,11.484935785628057
35,95,c<A>r<142>R<GLY>,c<B>r<12>R<GLU>,long,12.447049007696561
35,96,c<A>r<142>R<GLY>,c<B>r<13>R<ASN>,long,12.133737964864741
35,97,c<A>r<142>R<GLY>,c<B>r<14>R<GLY>,long,13.452494415534987
35,105,c<A>r<142>R<GLY>,c<B>r<62>R<TYR>,long,13.639652524899597
35,106,c<A>r<142>R<GLY>,c<B>r<63>R<ARG>,medium,9.92829018512251
35,107,c<A>r<142>R<GLY>,c<B>r<64>R<ILE>,long,10.180169055570737
35,108,c<A>r<142>R<GLY>,c<B>r<65>R<ARG>,medium,8.42197417474074
35,109,c<A>r<142>R<GLY>,c<B>r<66>R<PHE>,long,11.894965699824443
36,95,c<A>r<143>R<ASN>,c<B>r<12>R<GLU>,long,11.700235125842555
36,96,c<A>r<143>R<ASN>,c<B>r<13>R<ASN>,long,11.01987087038682
36,97,c<A>r<143>R<ASN>,c<B>r<14>R<GLY>,long,11.280636728483016
36,98,c<A>r<143>R<ASN>,c<B>r<15>R<GLY>,long,12.90120168821494
36,105,c<A>r<143>R<ASN>,c<B>r<62>R<TYR>,long,13.594614889727476
36,106,c<A>r<143>R<ASN>,c<B>r<63>R<ARG>,long,10.19431042297614
36,107,c<A>r<143>R<ASN>,c<B>r<64>R<ILE>,long,10.999457304794632
36,108,c<A>r<143>R<ASN>,c<B>r<65>R<ARG>,medium,8.928433793224878
36,109,c<A>r<143>R<ASN>,c<B>r<66>R<PHE>,long,12.461195368021478
37,97,c<A>r<144>R<THR>,c<B>r<14>R<GLY>,long,13.839227832505685
37,106,c<A>r<144>R<THR>,c<B>r<63>R<ARG>,long,12.605011186032325
37,108,c<A>r<144>R<THR>,c<B>r<65>R<ARG>,long,12.554858979693877
38,96,c<A>r<145>R<LYS>,c<B>r<13>R<ASN>,long,13.620014096909003
38,97,c<A>r<145>R<LYS>,c<B>r<14>R<GLY>,long,12.242478548071874
38,106,c<A>r<145>R<LYS>,c<B>r<63>R<ARG>,long,13.228477652398253
38,108,c<A>r<145>R<LYS>,c<B>r<65>R<ARG>,long,13.381732249600569
39,96,c<A>r<146>R<SER>,c<B>r<13>R<ASN>,long,13.327093981810137
39,97,c<A>r<146>R<SER>,c<B>r<14>R<GLY>,long,11.570398134895791
39,102,c<A>r<146>R<SER>,c<B>r<59>R<SER>,long,13.816206353409752
39,104,c<A>r<146>R<SER>,c<B>r<61>R<PRO>,long,13.633372693504713
39,106,c<A>r<146>R<SER>,c<B>r<63>R<ARG>,long,12.331119373357797
39,108,c<A>r<146>R<SER>,c<B>r<65>R<ARG>,long,13.864928488816664
40,96,c<A>r<147>R<SER>,c<B>r<13>R<ASN>,long,12.8591152883859
40,97,c<A>r<147>R<SER>,c<B>r<14>R<GLY>,long,10.202495430040633
40,98,c<A>r<147>R<SER>,c<B>r<15>R<GLY>,long,12.123635304643573
40,100,c<A>r<147>R<SER>,c<B>r<57>R<ILE>,long,13.218929003516129
40,102,c<A>r<147>R<SER>,c<B>r<59>R<SER>,long,13.03570611819705
41,95,c<A>r<148>R<GLY>,c<B>r<12>R<GLU>,long,12.291217108163046
41,96,c<A>r<148>R<GLY>,c<B>r<13>R<ASN>,long,11.3152603151673
41,97,c<A>r<148>R<GLY>,c<B>r<14>R<GLY>,medium,8.716722836020425
41,98,c<A>r<148>R<GLY>,c<B>r<15>R<GLY>,medium,9.66861608504547
41,99,c<A>r<148>R<GLY>,c<B>r<16>R<THR>,long,11.895647817584381
41,100,c<A>r<148>R<GLY>,c<B>r<57>R<ILE>,long,11.913997565888618
41,101,c<A>r<148>R<GLY>,c<B>r<58>R<ILE>,long,13.350831809291881
41,102,c<A>r<148>R<GLY>,c<B>r<59>R<SER>,long,12.577224733620687
41,108,c<A>r<148>R<GLY>,c<B>r<65>R<ARG>,long,13.141034129778369
41,119,c<A>r<148>R<GLY>,c<B>r<78>R<ASP>,long,13.475651709657683
42,95,c<A>r<149>R<SER>,c<B>r<12>R<GLU>,long,10.818026298729356
42,96,c<A>r<149>R<SER>,c<B>r<13>R<ASN>,long,10.60232073651802
42,97,c<A>r<149>R<SER>,c<B>r<14>R<GLY>,medium,9.114255098470746
42,98,c<A>r<149>R<SER>,c<B>r<15>R<GLY>,medium,9.683951466214607
42,99,c<A>r<149>R<SER>,c<B>r<16>R<THR>,long,12.50656363674691
42,100,c<A>r<149>R<SER>,c<B>r<57>R<ILE>,long,13.32821972357899
42,102,c<A>r<149>R<SER>,c<B>r<59>R<SER>,long,13.286927823993024
42,106,c<A>r<149>R<SER>,c<B>r<63>R<ARG>,long,13.507584610136632
42,107,c<A>r<149>R<SER>,c<B>r<64>R<ILE>,long,13.941953163025616
42,108,c<A>r<149>R<SER>,c<B>r<65>R<ARG>,long,11.179239732647295
42,109,c<A>r<149>R<SER>,c<B>r<66>R<PHE>,long,13.79276190615933
43,95,c<A>r<150>R<SER>,c<B>r<12>R<GLU>,long,13.074712769311608
43,96,c<A>r<150>R<SER>,c<B>r<13>R<ASN>,long,13.329424518710477
43,97,c<A>r<150>R<SER>,c<B>r<14>R<GLY>,long,12.516779178366933
43,98,c<A>r<150>R<SER>,c<B>r<15>R<GLY>,long,12.908265995090126
43,108,c<A>r<150>R<SER>,c<B>r<65>R<ARG>,long,12.585606302439308
44,95,c<A>r<151>R<TYR>,c<B>r<12>R<GLU>,long,12.867659421977253
44,96,c<A>r<151>R<TYR>,c<B>r<13>R<ASN>,long,13.58332555010002
44,97,c<A>r<151>R<TYR>,c<B>r<14>R<GLY>,long,13.817978723387874
44,108,c<A>r<151>R<TYR>,c<B>r<65>R<ARG>,long,11.474246424057657
45,132,c<A>r<170>R<SER>,c<B>r<139>R<GLN>,long,13.946969025562508
46,104,c<A>r<171>R<SER>,c<B>r<61>R<PRO>,long,12.198455230069094
46,105,c<A>r<171>R<SER>,c<B>r<62>R<TYR>,long,12.89815998505213
46,132,c<A>r<171>R<SER>,c<B>r<139>R<GLN>,long,13.229545457044246
47,103,c<A>r<172>R<TYR>,c<B>r<60>R<SER>,long,13.98762113441739
47,104,c<A>r<172>R<TYR>,c<B>r<61>R<PRO>,long,10.545586659830736
47,105,c<A>r<172>R<TYR>,c<B>r<62>R<TYR>,long,11.082631230894583
47,106,c<A>r<172>R<TYR>,c<B>r<63>R<ARG>,long,13.597898146404834
47,115,c<A>r<172>R<TYR>,c<B>r<72>R<PRO>,long,13.52504573005208
47,132,c<A>r<172>R<TYR>,c<B>r<139>R<GLN>,long,10.450194495797675
48,104,c<A>r<173>R<PRO>,c<B>r<61>R<PRO>,long,13.518850949692434
48,120,c<A>r<173>R<PRO>,c<B>r<115>R<ASP>,long,13.94550626546057
48,121,c<A>r<173>R<PRO>,c<B>r<116>R<GLY>,long,13.595454460958633
48,131,c<A>r<173>R<PRO>,c<B>r<138>R<GLN>,long,12.53829182943195
48,132,c<A>r<173>R<PRO>,c<B>r<139>R<GLN>,medium,9.073688996213173
49,121,c<A>r<174>R<GLY>,c<B>r<116>R<GLY>,long,13.784719112118317
49,131,c<A>r<174>R<GLY>,c<B>r<138>R<GLN>,long,12.24164086223738
49,132,c<A>r<174>R<GLY>,c<B>r<139>R<GLN>,medium,9.29951315930033
50,104,c<A>r<175>R<GLN>,c<B>r<61>R<PRO>,long,11.919814847555308
50,105,c<A>r<175>R<GLN>,c<B>r<62>R<TYR>,long,11.417389762988735
50,114,c<A>r<175>R<GLN>,c<B>r<71>R<HIS>,long,13.31886421584063
50,115,c<A>r<175>R<GLN>,c<B>r<72>R<PRO>,long,12.335234006698048
50,121,c<A>r<175>R<GLN>,c<B>r<116>R<GLY>,long,13.746247960807342
50,122,c<A>r<175>R<GLN>,c<B>r<117>R<TRP>,long,13.676380040054461
50,131,c<A>r<175>R<GLN>,c<B>r<138>R<GLN>,long,13.352130728838747
50,132,c<A>r<175>R<GLN>,c<B>r<139>R<GLN>,long,10.239309400540643
50,133,c<A>r<175>R<GLN>,c<B>r<143>R<ASP>,long,13.89237852205302
51,104,c<A>r<176>R<ILE>,c<B>r<61>R<PRO>,long,13.715161974982287
51,105,c<A>r<176>R<ILE>,c<B>r<62>R<TYR>,long,12.391991970623609
51,132,c<A>r<176>R<ILE>,c<B>r<139>R<GLN>,long,13.962731645347914
52,105,c<A>r<180>R<MET>,c<B>r<62>R<TYR>,long,12.926403676197024
52,106,c<A>r<180>R<MET>,c<B>r<63>R<ARG>,long,13.656896902298119
53,105,c<A>r<181>R<ILE>,c<B>r<62>R<TYR>,long,13.761947282270775
53,106,c<A>r<181>R<ILE>,c<B>r<63>R<ARG>,long,13.92492664253568
54,105,c<A>r<182>R<CYS>,c<B>r<62>R<TYR>,long,12.599447487886124
54,106,c<A>r<182>R<CYS>,c<B>r<63>R<ARG>,long,12.47739836664679
55,106,c<A>r<183>R<VAL>,c<B>r<63>R<ARG>,long,13.022084049797867
56,106,c<A>r<184>i<A>R<GLY>,c<B>r<63>R<ARG>,long,13.228552679715193
57,106,c<A>r<188>R<LYS>,c<B>r<63>R<ARG>,long,13.11745291586747
58,104,c<A>r<189>R<ASP>,c<B>r<61>R<PRO>,long,13.307629165257046
58,105,c<A>r<189>R<ASP>,c<B>r<62>R<TYR>,long,12.039698044386329
58,106,c<A>r<189>R<ASP>,c<B>r<63>R<ARG>,medium,9.577643029472334
58,107,c<A>r<189>R<ASP>,c<B>r<64>R<ILE>,long,12.908146807346125
58,108,c<A>r<189>R<ASP>,c<B>r<65>R<ARG>,long,13.865594866431081
59,96,c<A>r<190>R<SER>,c<B>r<13>R<ASN>,long,13.936226533750087
59,104,c<A>r<190>R<SER>,c<B>r<61>R<PRO>,long,12.680182372505532
59,105,c<A>r<190>R<SER>,c<B>r<62>R<TYR>,long,10.575093096516929
59,106,c<A>r<190>R<SER>,c<B>r<63>R<ARG>,medium,7.370203592845995
59,107,c<A>r<190>R<SER>,c<B>r<64>R<ILE>,long,10.089059867004456
59,108,c<A>r<190>R<SER>,c<B>r<65>R<ARG>,long,10.902531724328988
60,95,c<A>r<191>R<CYS>,c<B>r<12>R<GLU>,long,12.27293677161257
60,96,c<A>r<191>R<CYS>,c<B>r<13>R<ASN>,long,10.21317487366196
60,97,c<A>r<191>R<CYS>,c<B>r<14>R<GLY>,long,11.313402229214695
60,102,c<A>r<191>R<CYS>,c<B>r<59>R<SER>,long,12.501607616622753
60,103,c<A>r<191>R<CYS>,c<B>r<60>R<SER>,long,11.574255267618735
60,104,c<A>r<191>R<CYS>,c<B>r<61>R<PRO>,long,10.614478602361965
60,105,c<A>r<191>R<CYS>,c<B>r<62>R<TYR>,medium,8.785735313563688
60,106,c<A>r<191>R<CYS>,c<B>r<63>R<ARG>,short,5.249898856168564
60,107,c<A>r<191>R<CYS>,c<B>r<64>R<ILE>,medium,7.4464011441769635
60,108,c<A>r<191>R<CYS>,c<B>r<65>R<ARG>,medium,7.523820106834028
60,109,c<A>r<191>R<CYS>,c<B>r<66>R<PHE>,long,11.226089479422477
60,110,c<A>r<191>R<CYS>,c<B>r<67>R<ILE>,long,13.413373513027958
61,93,c<A>r<192>R<GLN>,c<B>r<10>R<PRO>,long,13.223434274045454
61,94,c<A>r<192>R<GLN>,c<B>r<11>R<LEU>,long,12.053041898209765
61,95,c<A>r<192>R<GLN>,c<B>r<12>R<GLU>,medium,8.900575880245052
61,96,c<A>r<192>R<GLN>,c<B>r<13>R<ASN>,medium,7.509485801304907
61,97,c<A>r<192>R<GLN>,c<B>r<14>R<GLY>,medium,9.470352474961006
61,98,c<A>r<192>R<GLN>,c<B>r<15>R<GLY>,long,11.70297765528073
61,101,c<A>r<192>R<GLN>,c<B>r<58>R<ILE>,long,13.383250838267957
61,102,c<A>r<192>R<GLN>,c<B>r<59>R<SER>,long,11.01044999080419
61,103,c<A>r<192>R<GLN>,c<B>r<60>R<SER>,long,10.378562569065142
61,104,c<A>r<192>R<GLN>,c<B>r<61>R<PRO>,long,10.69290428274751
61,105,c<A>r<192>R<GLN>,c<B>r<62>R<TYR>,medium,8.66095381583345
61,106,c<A>r<192>R<GLN>,c<B>r<63>R<ARG>,short,5.252515587792195
61,107,c<A>r<192>R<GLN>,c<B>r<64>R<ILE>,short,5.218552864540131
61,108,c<A>r<192>R<GLN>,c<B>r<65>R<ARG>,short,3.910399851677575
61,109,c<A>r<192>R<GLN>,c<B>r<66>R<PHE>,medium,7.697617488548
61,110,c<A>r<192>R<GLN>,c<B>r<67>R<ILE>,long,10.37799368857006
61,111,c<A>r<192>R<GLN>,c<B>r<68>R<ALA>,long,12.930609034380401
62,93,c<A>r<193>R<GLY>,c<B>r<10>R<PRO>,long,13.175587614979452
62,94,c<A>r<193>R<GLY>,c<B>r<11>R<LEU>,long,13.043643739385095
62,95,c<A>r<193>R<GLY>,c<B>r<12>R<GLU>,long,10.181245994474347
62,96,c<A>r<193>R<GLY>,c<B>r<13>R<ASN>,long,10.086726922049587
62,97,c<A>r<193>R<GLY>,c<B>r<14>R<GLY>,long,12.356947883680661
62,98,c<A>r<193>R<GLY>,c<B>r<15>R<GLY>,long,13.79431190744939
62,103,c<A>r<193>R<GLY>,c<B>r<60>R<SER>,long,13.676979271754417
62,105,c<A>r<193>R<GLY>,c<B>r<62>R<TYR>,long,11.723818149391434
62,106,c<A>r<193>R<GLY>,c<B>r<63>R<ARG>,medium,8.254683337354617
62,107,c<A>r<193>R<GLY>,c<B>r<64>R<ILE>,medium,7.275114500817152
62,108,c<A>r<193>R<GLY>,c<B>r<65>R<ARG>,short,5.429809757256692
62,109,c<A>r<193>R<GLY>,c<B>r<66>R<PHE>,medium,8.573059080631603
62,110,c<A>r<193>R<GLY>,c<B>r<67>R<ILE>,long,11.999469821621284
62,111,c<A>r<193>R<GLY>,c<B>r<68>R<ALA>,long,13.981738554271423
63,95,c<A>r<194>R<ASP>,c<B>r<12>R<GLU>,long,13.558979607625346
63,96,c<A>r<194>R<ASP>,c<B>r<13>R<ASN>,long,12.744293860391009
63,105,c<A>r<194>R<ASP>,c<B>r<62>R<TYR>,long,11.65526516214882
63,106,c<A>r<194>R<ASP>,c<B>r<63>R<ARG>,medium,8.016673811500626
63,107,c<A>r<194>R<ASP>,c<B>r<64>R<ILE>,medium,8.271854507908127
63,108,c<A>r<194>R<ASP>,c<B>r<65>R<ARG>,medium,8.08141621252117
63,109,c<A>r<194>R<ASP>,c<B>r<66>R<PHE>,long,11.325723817928814
64,95,c<A>r<195>R<SER>,c<B>r<12>R<GLU>,long,13.146262358556518
64,96,c<A>r<195>R<SER>,c<B>r<13>R<ASN>,long,12.146969086978032
64,103,c<A>r<195>R<SER>,c<B>r<60>R<SER>,long,13.405646273119398
64,104,c<A>r<195>R<SER>,c<B>r<61>R<PRO>,long,13.220334829345283
64,105,c<A>r<195>R<SER>,c<B>r<62>R<TYR>,medium,9.73568086987243
64,106,c<A>r<195>R<SER>,c<B>r<63>R<ARG>,medium,6.750463169294384
64,107,c<A>r<195>R<SER>,c<B>r<64>R<ILE>,medium,6.0942412981436815
64,108,c<A>r<195>R<SER>,c<B>r<65>R<ARG>,medium,7.234942017735869
64,109,c<A>r<195>R<SER>,c<B>r<66>R<PHE>,medium,9.659460336892533
64,110,c<A>r<195>R<SER>,c<B>r<67>R<ILE>,long,12.234727050490335
64,111,c<A>r<195>R<SER>,c<B>r<68>R<ALA>,long,13.082388275846272
65,105,c<A>r<196>R<GLY>,c<B>r<62>R<TYR>,long,12.431648764343368
65,106,c<A>r<196>R<GLY>,c<B>r<63>R<ARG>,long,10.000452689753597
65,107,c<A>r<196>R<GLY>,c<B>r<64>R<ILE>,medium,9.169922355178368
65,108,c<A>r<196>R<GLY>,c<B>r<65>R<ARG>,long,10.559446813162136
65,109,c<A>r<196>R<GLY>,c<B>r<66>R<PHE>,long,12.275758754553628
66,106,c<A>r<197>R<GLY>,c<B>r<63>R<ARG>,long,11.568869521262654
66,107,c<A>r<197>R<GLY>,c<B>r<64>R<ILE>,long,11.639216812139896
66,108,c<A>r<197>R<GLY>,c<B>r<65>R<ARG>,long,12.553847258908323
67,106,c<A>r<198>R<PRO>,c<B>r<63>R<ARG>,long,13.717932825320291
68,106,c<A>r<211>R<GLY>,c<B>r<63>R<ARG>,long,13.714243143535118
69,105,c<A>r<212>R<ILE>,c<B>r<62>R<TYR>,long,13.107349884702092
69,106,c<A>r<212>R<ILE>,c<B>r<63>R<ARG>,long,11.319918462603871
69,107,c<A>r<212>R<ILE>,c<B>r<64>R<ILE>,long,12.007211249911446
70,104,c<A>r<213>R<VAL>,c<B>r<61>R<PRO>,long,13.61920203242466
70,105,c<A>r<213>R<VAL>,c<B>r<62>R<TYR>,long,10.060048956143305
70,106,c<A>r<213>R<VAL>,c<B>r<63>R<ARG>,medium,7.7416139144237865
70,107,c<A>r<213>R<VAL>,c<B>r<64>R<ILE>,medium,8.880031418863334
70,108,c<A>r<213>R<VAL>,c<B>r<65>R<ARG>,long,11.151726189249803
70,109,c<A>r<213>R<VAL>,c<B>r<66>R<PHE>,long,13.620482113346796
71,96,c<A>r<214>R<SER>,c<B>r<13>R<ASN>,long,13.826643410459386
71,103,c<A>r<214>R<SER>,c<B>r<60>R<SER>,long,12.30082980940717
71,104,c<A>r<214>R<SER>,c<B>r<61>R<PRO>,long,11.043839413899498
71,105,c<A>r<214>R<SER>,c<B>r<62>R<TYR>,medium,7.2700965605691925
71,106,c<A>r<214>R<SER>,c<B>r<63>R<ARG>,medium,6.212736997491524
71,107,c<A>r<214>R<SER>,c<B>r<64>R<ILE>,medium,6.994110307966267
71,108,c<A>r<214>R<SER>,c<B>r<65>R<ARG>,long,10.24307502657283
71,109,c<A>r<214>R<SER>,c<B>r<66>R<PHE>,long,11.991525257447446
71,110,c<A>r<214>R<SER>,c<B>r<67>R<ILE>,long,13.033356129562328
71,111,c<A>r<214>R<SER>,c<B>r<68>R<ALA>,long,13.218579084001426
71,114,c<A>r<214>R<SER>,c<B>r<71>R<HIS>,long,12.472505321706622
72,96,c<A>r<215>R<TRP>,c<B>r<13>R<ASN>,long,11.911647325202335
72,102,c<A>r<215>R<TRP>,c<B>r<59>R<SER>,long,12.407573896616533
72,103,c<A>r<215>R<TRP>,c<B>r<60>R<SER>,medium,9.207169706266958
72,104,c<A>r<215>R<TRP>,c<B>r<61>R<PRO>,medium,7.384715363505893
72,105,c<A>r<215>R<TRP>,c<B>r<62>R<TYR>,short,3.8252521485517765
72,106,c<A>r<215>R<TRP>,c<B>r<63>R<ARG>,short,4.084155114586124
72,107,c<A>r<215>R<TRP>,c<B>r<64>R<ILE>,medium,6.11935037401847
72,108,c<A>r<215>R<TRP>,c<B>r<65>R<ARG>,medium,9.65271464407811
72,109,c<A>r<215>R<TRP>,c<B>r<66>R<PHE>,long,11.432429313142505
72,110,c<A>r<215>R<TRP>,c<B>r<67>R<ILE>,long,11.764902634531232
72,111,c<A>r<215>R<TRP>,c<B>r<68>R<ALA>,long,12.582322241939284
72,113,c<A>r<215>R<TRP>,c<B>r<70>R<GLY>,long,13.832019881420068
72,114,c<A>r<215>R<TRP>,c<B>r<71>R<HIS>,long,10.517232953586223
72,115,c<A>r<215>R<TRP>,c<B>r<72>R<PRO>,long,11.218768337032365
72,116,c<A>r<215>R<TRP>,c<B>r<73>R<LEU>,long,12.887886289070055
73,96,c<A>r<216>R<GLY>,c<B>r<13>R<ASN>,long,12.260687011746118
73,97,c<A>r<216>R<GLY>,c<B>r<14>R<GLY>,long,13.537541615817847
73,102,c<A>r<216>R<GLY>,c<B>r<59>R<SER>,long,11.5300710318714
73,103,c<A>r<216>R<GLY>,c<B>r<60>R<SER>,medium,8.604062180156532
73,104,c<A>r<216>R<GLY>,c<B>r<61>R<PRO>,short,5.4892931238912706
73,105,c<A>r<216>R<GLY>,c<B>r<62>R<TYR>,short,3.9307564157551136
73,106,c<A>r<216>R<GLY>,c<B>r<63>R<ARG>,short,5.139056820078954
73,107,c<A>r<216>R<GLY>,c<B>r<64>R<ILE>,medium,8.334295471124118
73,108,c<A>r<216>R<GLY>,c<B>r<65>R<ARG>,long,11.32235373056327
73,109,c<A>r<216>R<GLY>,c<B>r<66>R<PHE>,long,13.368987770209083
73,110,c<A>r<216>R<GLY>,c<B>r<67>R<ILE>,long,13.309962509338632
73,114,c<A>r<216>R<GLY>,c<B>r<71>R<HIS>,long,11.635155392172466
73,115,c<A>r<216>R<GLY>,c<B>r<72>R<PRO>,long,11.051751037731531
73,116,c<A>r<216>R<GLY>,c<B>r<73>R<LEU>,long,12.201123677760174
73,117,c<A>r<216>R<GLY>,c<B>r<74>R<SER>,long,13.428805494160674
74,96,c<A>r<217>R<TYR>,c<B>r<13>R<ASN>,long,11.138476152508474
74,97,c<A>r<217>R<TYR>,c<B>r<14>R<GLY>,long,11.461456713699183
74,101,c<A>r<217>R<TYR>,c<B>r<58>R<ILE>,long,12.91573509328834
74,102,c<A>r<217>R<TYR>,c<B>r<59>R<SER>,medium,9.1523750469482
74,103,c<A>r<217>R<TYR>,c<B>r<60>R<SER>,medium,6.9271709232557575
74,104,c<A>r<217>R<TYR>,c<B>r<61>R<PRO>,short,3.312156699191631
74,105,c<A>r<217>R<TYR>,c<B>r<62>R<TYR>,short,4.947931588047676
74,106,c<A>r<217>R<TYR>,c<B>r<63>R<ARG>,medium,6.687442710034983
74,107,c<A>r<217>R<TYR>,c<B>r<64>R<ILE>,medium,9.609661388415308
74,108,c<A>r<217>R<TYR>,c<B>r<65>R<ARG>,long,11.841597400688814
74,109,c<A>r<217>R<TYR>,c<B>r<66>R<PHE>,long,13.707561599350925
74,110,c<A>r<217>R<TYR>,c<B>r<67>R<ILE>,long,13.172815758219652
74,114,c<A>r<217>R<TYR>,c<B>r<71>R<HIS>,long,11.695136681544172
74,115,c<A>r<217>R<TYR>,c<B>r<72>R<PRO>,long,10.06758908577421
74,116,c<A>r<217>R<TYR>,c<B>r<73>R<LEU>,long,10.210452389585878
74,117,c<A>r<217>R<TYR>,c<B>r<74>R<SER>,long,10.510440047876207
74,118,c<A>r<217>R<TYR>,c<B>r<75>R<LEU>,long,13.642660517655639
74,122,c<A>r<217>R<TYR>,c<B>r<117>R<TRP>,long,12.441591578250753
74,132,c<A>r<217>R<TYR>,c<B>r<139>R<GLN>,long,13.809341077690855
75,95,c<A>r<219>R<GLY>,c<B>r<12>R<GLU>,long,12.634276394000569
75,96,c<A>r<219>R<GLY>,c<B>r<13>R<ASN>,medium,9.052542736712153
75,97,c<A>r<219>R<GLY>,c<B>r<14>R<GLY>,medium,8.75058003791749
75,98,c<A>r<219>R<GLY>,c<B>r<15>R<GLY>,long,12.492581038360331
75,100,c<A>r<219>R<GLY>,c<B>r<57>R<ILE>,long,12.818390148532693
75,101,c<A>r<219>R<GLY>,c<B>r<58>R<ILE>,long,11.445613308163088
75,102,c<A>r<219>R<GLY>,c<B>r<59>R<SER>,medium,7.881597173162305
75,103,c<A>r<219>R<GLY>,c<B>r<60>R<SER>,medium,7.044626462772886
75,104,c<A>r<219>R<GLY>,c<B>r<61>R<PRO>,short,4.97832391473275
75,105,c<A>r<219>R<GLY>,c<B>r<62>R<TYR>,medium,6.30056045126146
75,106,c<A>r<219>R<GLY>,c<B>r<63>R<ARG>,medium,6.205013053974988
75,107,c<A>r<219>R<GLY>,c<B>r<64>R<ILE>,medium,9.002085369513
75,108,c<A>r<219>R<GLY>,c<B>r<65>R<ARG>,long,10.065485780626787
75,109,c<A>r<219>R<GLY>,c<B>r<66>R<PHE>,long,12.45924845245491
75,110,c<A>r<219>R<GLY>,c<B>r<67>R<ILE>,long,12.605529976958525
75,114,c<A>r<219>R<GLY>,c<B>r<71>R<HIS>,long,13.07515663386103
75,115,c<A>r<219>R<GLY>,c<B>r<72>R<PRO>,long,11.801297004990596
75,116,c<A>r<219>R<GLY>,c<B>r<73>R<LEU>,long,10.92418404275578
75,117,c<A>r<219>R<GLY>,c<B>r<74>R<SER>,long,10.706784811510877
75,118,c<A>r<219>R<GLY>,c<B>r<75>R<LEU>,long,13.023403280248987
76,96,c<A>r<220>R<CYS>,c<B>r<13>R<ASN>,long,11.155867424812827
76,97,c<A>r<220>R<CYS>,c<B>r<14>R<GLY>,long,10.942424731292423
76,102,c<A>r<220>R<CYS>,c<B>r<59>R<SER>,long,11.219727536798745
76,103,c<A>r<220>R<CYS>,c<B>r<60>R<SER>,long,10.453561020054362
76,104,c<A>r<220>R<CYS>,c<B>r<61>R<PRO>,medium,8.321770304448446
76,105,c<A>r<220>R<CYS>,c<B>r<62>R<TYR>,medium,8.328320238799657
76,106,c<A>r<220>R<CYS>,c<B>r<63>R<ARG>,medium,6.673496459877686
76,107,c<A>r<220>R<CYS>,c<B>r<64>R<ILE>,long,10.010649978897474
76,108,c<A>r<220>R<CYS>,c<B>r<65>R<ARG>,long,10.785889671232505
76,109,c<A>r<220>R<CYS>,c<B>r<66>R<PHE>,long,13.955743907079983
77,103,c<A>r<221>i<A>R<ALA>,c<B>r<60>R<SER>,long,13.919782002603347
77,104,c<A>r<221>i<A>R<ALA>,c<B>r<61>R<PRO>,long,11.350675486507399
77,105,c<A>r<221>i<A>R<ALA>,c<B>r<62>R<TYR>,long,11.571477044872015
77,106,c<A>r<221>i<A>R<ALA>,c<B>r<63>R<ARG>,long,10.058597814805003
77,107,c<A>r<221>i<A>R<ALA>,c<B>r<64>R<ILE>,long,13.57519347928419
78,102,c<A>r<221>R<GLN>,c<B>r<59>R<SER>,long,13.890240674660754
78,103,c<A>r<221>R<GLN>,c<B>r<60>R<SER>,long,13.365931542545024
78,104,c<A>r<221>R<GLN>,c<B>r<61>R<PRO>,long,10.486135274733012
78,105,c<A>r<221>R<GLN>,c<B>r<62>R<TYR>,long,11.872223296417568
78,106,c<A>r<221>R<GLN>,c<B>r<63>R<ARG>,long,11.522798054292197
79,104,c<A>r<222>R<LYS>,c<B>r<61>R<PRO>,long,12.910867515391828
80,104,c<A>r<223>R<ASN>,c<B>r<61>R<PRO>,long,12.579334918826193
80,105,c<A>r<223>R<ASN>,c<B>r<62>R<TYR>,long,13.72964172875607
81,103,c<A>r<224>R<LYS>,c<B>r<60>R<SER>,long,12.904432029345577
81,104,c<A>r<224>R<LYS>,c<B>r<61>R<PRO>,medium,9.218655053748348
81,105,c<A>r<224>R<LYS>,c<B>r<62>R<TYR>,medium,9.954291838197229
81,106,c<A>r<224>R<LYS>,c<B>r<63>R<ARG>,long,10.680188153773322
82,104,c<A>r<225>R<PRO>,c<B>r<61>R<PRO>,long,11.024917097193972
82,105,c<A>r<225>R<PRO>,c<B>r<62>R<TYR>,long,10.418012862345677
82,106,c<A>r<225>R<PRO>,c<B>r<63>R<ARG>,long,10.164219842171853
82,107,c<A>r<225>R<PRO>,c<B>r<64>R<ILE>,long,13.887563465201517
83,103,c<A>r<226>R<GLY>,c<B>r<60>R<SER>,long,13.340309179325644
83,104,c<A>r<226>R<GLY>,c<B>r<61>R<PRO>,long,10.35675151772987
83,105,c<A>r<226>R<GLY>,c<B>r<62>R<TYR>,medium,8.482880937511736
83,106,c<A>r<226>R<GLY>,c<B>r<63>R<ARG>,medium,7.539847213306116
83,107,c<A>r<226>R<GLY>,c<B>r<64>R<ILE>,long,11.030899600667208
83,108,c<A>r<226>R<GLY>,c<B>r<65>R<ARG>,long,13.57546739526857
84,103,c<A>r<227>R<VAL>,c<B>r<60>R<SER>,long,13.67664070596285
84,104,c<A>r<227>R<VAL>,c<B>r<61>R<PRO>,long,10.869088554244094
84,105,c<A>r<227>R<VAL>,c<B>r<62>R<TYR>,medium,8.35401286807723
84,106,c<A>r<227>R<VAL>,c<B>r<63>R<ARG>,medium,8.360805583195916
84,107,c<A>r<227>R<VAL>,c<B>r<64>R<ILE>,long,11.089954192872032
85,104,c<A>r<228>R<TYR>,c<B>r<61>R<PRO>,long,13.6506307912858
85,105,c<A>r<228>R<TYR>,c<B>r<62>R<TYR>,long,10.446071223191998
85,106,c<A>r<228>R<TYR>,c<B>r<63>R<ARG>,medium,9.738468924836182
85,107,c<A>r<228>R<TYR>,c<B>r<64>R<ILE>,long,11.602996294061288
86,105,c<A>r<229>R<THR>,c<B>r<62>R<TYR>,long,12.417665843466716
86,106,c<A>r<229>R<THR>,c<B>r<63>R<ARG>,long,12.098454446746493
86,107,c<A>r<229>R<THR>,c<B>r<64>R<ILE>,long,12.991486366078362
87,13,c<B>r<1>R<ASP>,c<A>r<55>R<ALA>,long,13.771487247207544
87,14,c<B>r<1>R<ASP>,c<A>r<56>R<ALA>,long,10.687498865497016
87,15,c<B>r<1>R<ASP>,c<A>r<57>R<HIS>,medium,8.808591090520663
87,16,c<B>r<1>R<ASP>,c<A>r<58>R<CYS>,medium,9.949672155402911
87,17,c<B>r<1>R<ASP>,c<A>r<59>R<TYR>,medium,8.294386173792489
87,18,c<B>r<1>R<ASP>,c<A>r<60>R<LYS>,medium,8.682841297639849
87,19,c<B>r<1>R<ASP>,c<A>r<61>R<SER>,long,10.256324731598546
87,20,c<B>r<1>R<ASP>,c<A>r<62>R<ARG>,long,13.500854972926716
87,21,c<B>r<1>R<ASP>,c<A>r<90>R<THR>,long,12.361714808229477
87,22,c<B>r<1>R<ASP>,c<A>r<94>R<PHE>,long,12.484596709545725
87,23,c<B>r<1>R<ASP>,c<A>r<95>R<ASN>,long,11.844318469207082
87,24,c<B>r<1>R<ASP>,c<A>r<96>R<GLY>,medium,9.155351932066838
87,25,c<B>r<1>R<ASP>,c<A>r<97>R<ASN>,long,11.947322628940759
87,27,c<B>r<1>R<ASP>,c<A>r<99>R<LEU>,long,13.50796539083514
88,4,c<B>r<2>R<PHE>,c<A>r<37>R<SER>,long,13.502887431953212
88,8,c<B>r<2>R<PHE>,c<A>r<41>R<PHE>,long,12.614854299594587
88,9,c<B>r<2>R<PHE>,c<A>r<42>R<CYS>,long,13.8452658334898
88,14,c<B>r<2>R<PHE>,c<A>r<56>R<ALA>,long,11.76737613064187
88,15,c<B>r<2>R<PHE>,c<A>r<57>R<HIS>,medium,8.95677788046572
88,16,c<B>r<2>R<PHE>,c<A>r<58>R<CYS>,medium,9.381159043529749
88,17,c<B>r<2>R<PHE>,c<A>r<59>R<TYR>,medium,8.87094025456152
88,18,c<B>r<2>R<PHE>,c<A>r<60>R<LYS>,medium,8.754131024836221
88,19,c<B>r<2>R<PHE>,c<A>r<61>R<SER>,long,11.163069470356259
88,20,c<B>r<2>R<PHE>,c<A>r<62>R<ARG>,long,13.618844150661246
88,24,c<B>r<2>R<PHE>,c<A>r<96>R<GLY>,long,10.733104210804997
88,25,c<B>r<2>R<PHE>,c<A>r<97>R<ASN>,long,13.039423108404756
89,15,c<B>r<3>R<VAL>,c<A>r<57>R<HIS>,long,12.170498798323756
89,16,c<B>r<3>R<VAL>,c<A>r<58>R<CYS>,long,12.747576867781579
89,17,c<B>r<3>R<VAL>,c<A>r<59>R<TYR>,long,12.613771600913026
89,18,c<B>r<3>R<VAL>,c<A>r<60>R<LYS>,long,12.206727366497542
89,24,c<B>r<3>R<VAL>,c<A>r<96>R<GLY>,long,12.838265653895778
90,18,c<B>r<4>R<LEU>,c<A>r<60>R<LYS>,long,12.848650357138686
91,4,c<B>r<8>R<GLY>,c<A>r<37>R<SER>,long,13.348328172471636
91,5,c<B>r<8>R<GLY>,c<A>r<38>R<GLY>,long,13.387041532765931
91,18,c<B>r<8>R<GLY>,c<A>r<60>R<LYS>,long,13.479420388132423
92,4,c<B>r<9>R<ASN>,c<A>r<37>R<SER>,long,11.400546302699707
92,5,c<B>r<9>R<ASN>,c<A>r<38>R<GLY>,long,11.391883075242651
92,6,c<B>r<9>R<ASN>,c<A>r<39>R<SER>,long,11.968024732594769
92,7,c<B>r<9>R<ASN>,c<A>r<40>R<HIS>,long,13.846727627854895
92,8,c<B>r<9>R<ASN>,c<A>r<41>R<PHE>,long,12.262547369939087
92,18,c<B>r<9>R<ASN>,c<A>r<60>R<LYS>,long,12.339932698357803
93,4,c<B>r<10>R<PRO>,c<A>r<37>R<SER>,long,11.770156031251242
93,5,c<B>r<10>R<PRO>,c<A>r<38>R<GLY>,long,12.736858364604672
93,6,c<B>r<10>R<PRO>,c<A>r<39>R<SER>,long,12.596445093755621
93,7,c<B>r<10>R<PRO>,c<A>r<40>R<HIS>,long,13.43420920635078
93,8,c<B>r<10>R<PRO>,c<A>r<41>R<PHE>,long,10.91695566538584
93,9,c<B>r<10>R<PRO>,c<A>r<42>R<CYS>,long,13.5649746037359
93,15,c<B>r<10>R<PRO>,c<A>r<57>R<HIS>,long,12.69874426862751
93,16,c<B>r<10>R<PRO>,c<A>r<58>R<CYS>,long,11.741983946505803
93,17,c<B>r<10>R<PRO>,c<A>r<59>R<TYR>,long,12.177432118472266
93,18,c<B>r<10>R<PRO>,c<A>r<60>R<LYS>,long,10.910755335905945
93,19,c<B>r<10>R<PRO>,c<A>r<61>R<SER>,long,13.458755737437246
93,61,c<B>r<10>R<PRO>,c<A>r<192>R<GLN>,long,13.223434274045454
93,62,c<B>r<10>R<PRO>,c<A>r<193>R<GLY>,long,13.175587614979452
94,8,c<B>r<11>R<LEU>,c<A>r<41>R<PHE>,long,12.360246194959064
94,15,c<B>r<11>R<LEU>,c<A>r<57>R<HIS>,long,13.514758784380875
94,16,c<B>r<11>R<LEU>,c<A>r<58>R<CYS>,long,13.227784470575562
94,18,c<B>r<11>R<LEU>,c<A>r<60>R<LYS>,long,13.959384549470656
94,61,c<B>r<11>R<LEU>,c<A>r<192>R<GLN>,long,12.053041898209765
94,62,c<B>r<11>R<LEU>,c<A>r<193>R<GLY>,long,13.043643739385095
95,6,c<B>r<12>R<GLU>,c<A>r<39>R<SER>,long,13.398309968051942
95,7,c<B>r<12>R<GLU>,c<A>r<40>R<HIS>,long,13.219648482467301
95,8,c<B>r<12>R<GLU>,c<A>r<41>R<PHE>,long,10.67024938790092
95,9,c<B>r<12>R<GLU>,c<A>r<42>R<CYS>,long,12.905330255363475
95,15,c<B>r<12>R<GLU>,c<A>r<57>R<HIS>,long,13.455038944573888
95,16,c<B>r<12>R<GLU>,c<A>r<58>R<CYS>,long,12.842538456239872
95,35,c<B>r<12>R<GLU>,c<A>r<142>R<GLY>,long,12.447049007696561
95,36,c<B>r<12>R<GLU>,c<A>r<143>R<ASN>,long,11.700235125842555
95,41,c<B>r<12>R<GLU>,c<A>r<148>R<GLY>,long,12.291217108163046
95,42,c<B>r<12>R<GLU>,c<A>r<149>R<SER>,long,10.818026298729356
95,43,c<B>r<12>R<GLU>,c<A>r<150>R<SER>,long,13.074712769311608
95,44,c<B>r<12>R<GLU>,c<A>r<151>R<TYR>,long,12.867659421977253
95,60,c<B>r<12>R<GLU>,c<A>r<191>R<CYS>,long,12.27293677161257
95,61,c<B>r<12>R<GLU>,c<A>r<192>R<GLN>,medium,8.900575880245052
95,62,c<B>r<12>R<GLU>,c<A>r<193>R<GLY>,long,10.181245994474347
95,63,c<B>r<12>R<GLU>,c<A>r<194>R<ASP>,long,13.558979607625346
95,64,c<B>r<12>R<GLU>,c<A>r<195>R<SER>,long,13.146262358556518
95,75,c<B>r<12>R<GLU>,c<A>r<219>R<GLY>,long,12.634276394000569
96,8,c<B>r<13>R<ASN>,c<A>r<41>R<PHE>,long,12.1826947757875
96,9,c<B>r<13>R<ASN>,c<A>r<42>R<CYS>,long,13.424270296742387
96,15,c<B>r<13>R<ASN>,c<A>r<57>R<HIS>,long,12.793112013892475
96,16,c<B>r<13>R<ASN>,c<A>r<58>R<CYS>,long,13.031879910435025
96,35,c<B>r<13>R<ASN>,c<A>r<142>R<GLY>,long,12.133737964864741
96,36,c<B>r<13>R<ASN>,c<A>r<143>R<ASN>,long,11.01987087038682
96,38,c<B>r<13>R<ASN>,c<A>r<145>R<LYS>,long,13.620014096909003
96,39,c<B>r<13>R<ASN>,c<A>r<146>R<SER>,long,13.327093981810137
96,40,c<B>r<13>R<ASN>,c<A>r<147>R<SER>,long,12.8591152883859
96,41,c<B>r<13>R<ASN>,c<A>r<148>R<GLY>,long,11.3152603151673
96,42,c<B>r<13>R<ASN>,c<A>r<149>R<SER>,long,10.60232073651802
96,43,c<B>r<13>R<ASN>,c<A>r<150>R<SER>,long,13.329424518710477
96,44,c<B>r<13>R<ASN>,c<A>r<151>R<TYR>,long,13.58332555010002
96,59,c<B>r<13>R<ASN>,c<A>r<190>R<SER>,long,13.936226533750087
96,60,c<B>r<13>R<ASN>,c<A>r<191>R<CYS>,long,10.21317487366196
96,61,c<B>r<13>R<ASN>,c<A>r<192>R<GLN>,medium,7.509485801304907
96,62,c<B>r<13>R<ASN>,c<A>r<193>R<GLY>,long,10.086726922049587
96,63,c<B>r<13>R<ASN>,c<A>r<194>R<ASP>,long,12.744293860391009
96,64,c<B>r<13>R<ASN>,c<A>r<195>R<SER>,long,12.146969086978032
96,71,c<B>r<13>R<ASN>,c<A>r<214>R<SER>,long,13.826643410459386
96,72,c<B>r<13>R<ASN>,c<A>r<215>R<TRP>,long,11.911647325202335
96,73,c<B>r<13>R<ASN>,c<A>r<216>R<GLY>,long,12.260687011746118
96,74,c<B>r<13>R<ASN>,c<A>r<217>R<TYR>,long,11.138476152508474
96,75,c<B>r<13>R<ASN>,c<A>r<219>R<GLY>,medium,9.052542736712153
96,76,c<B>r<13>R<ASN>,c<A>r<220>R<CYS>,long,11.155867424812827
97,35,c<B>r<14>R<GLY>,c<A>r<142>R<GLY>,long,13.452494415534987
97,36,c<B>r<14>R<GLY>,c<A>r<143>R<ASN>,long,11.280636728483016
97,37,c<B>r<14>R<GLY>,c<A>r<144>R<THR>,long,13.839227832505685
97,38,c<B>r<14>R<GLY>,c<A>r<145>R<LYS>,long,12.242478548071874
97,39,c<B>r<14>R<GLY>,c<A>r<146>R<SER>,long,11.570398134895791
97,40,c<B>r<14>R<GLY>,c<A>r<147>R<SER>,long,10.202495430040633
97,41,c<B>r<14>R<GLY>,c<A>r<148>R<GLY>,medium,8.716722836020425
97,42,c<B>r<14>R<GLY>,c<A>r<149>R<SER>,medium,9.114255098470746
97,43,c<B>r<14>R<GLY>,c<A>r<150>R<SER>,long,12.516779178366933
97,44,c<B>r<14>R<GLY>,c<A>r<151>R<TYR>,long,13.817978723387874
97,60,c<B>r<14>R<GLY>,c<A>r<191>R<CYS>,long,11.313402229214695
97,61,c<B>r<14>R<GLY>,c<A>r<192>R<GLN>,medium,9.470352474961006
97,62,c<B>r<14>R<GLY>,c<A>r<193>R<GLY>,long,12.356947883680661
97,73,c<B>r<14>R<GLY>,c<A>r<216>R<GLY>,long,13.537541615817847
97,74,c<B>r<14>R<GLY>,c<A>r<217>R<TYR>,long,11.461456713699183
97,75,c<B>r<14>R<GLY>,c<A>r<219>R<GLY>,medium,8.75058003791749
97,76,c<B>r<14>R<GLY>,c<A>r<220>R<CYS>,long,10.942424731292423
98,36,c<B>r<15>R<GLY>,c<A>r<143>R<ASN>,long,12.90120168821494
98,40,c<B>r<15>R<GLY>,c<A>r<147>R<SER>,long,12.123635304643573
98,41,c<B>r<15>R<GLY>,c<A>r<148>R<GLY>,medium,9.66861608504547
98,42,c<B>r<15>R<GLY>,c<A>r<149>R<SER>,medium,9.683951466214607
98,43,c<B>r<15>R<GLY>,c<A>r<150>R<SER>,long,12.908265995090126
98,61,c<B>r<15>R<GLY>,c<A>r<192>R<GLN>,long,11.70297765528073
98,62,c<B>r<15>R<GLY>,c<A>r<193>R<GLY>,long,13.79431190744939
98,75,c<B>r<15>R<GLY>,c<A>r<219>R<GLY>,long,12.492581038360331
99,41,c<B>r<16>R<THR>,c<A>r<148>R<GLY>,long,11.895647817584381
99,42,c<B>r<16>R<THR>,c<A>r<149>R<SER>,long,12.50656363674691
100,40,c<B>r<57>R<ILE>,c<A>r<147>R<SER>,long,13.218929003516129
100,41,c<B>r<57>R<ILE>,c<A>r<148>R<GLY>,long,11.913997565888618
100,42,c<B>r<57>R<ILE>,c<A>r<149>R<SER>,long,13.32821972357899
100,75,c<B>r<57>R<ILE>,c<A>r<219>R<GLY>,long,12.818390148532693
101,41,c<B>r<58>R<ILE>,c<A>r<148>R<GLY>,long,13.350831809291881
101,61,c<B>r<58>R<ILE>,c<A>r<192>R<GLN>,long,13.383250838267957
101,74,c<B>r<58>R<ILE>,c<A>r<217>R<TYR>,long,12.91573509328834
101,75,c<B>r<58>R<ILE>,c<A>r<219>R<GLY>,long,11.445613308163088
102,39,c<B>r<59>R<SER>,c<A>r<146>R<SER>,long,13.816206353409752
102,40,c<B>r<59>R<SER>,c<A>r<147>R<SER>,long,13.03570611819705
102,41,c<B>r<59>R<SER>,c<A>r<148>R<GLY>,long,12.577224733620687
102,42,c<B>r<59>R<SER>,c<A>r<149>R<SER>,long,13.286927823993024
102,60,c<B>r<59>R<SER>,c<A>r<191>R<CYS>,long,12.501607616622753
102,61,c<B>r<59>R<SER>,c<A>r<192>R<GLN>,long,11.01044999080419
102,72,c<B>r<59>R<SER>,c<A>r<215>R<TRP>,long,12.407573896616533
102,73,c<B>r<59>R<SER>,c<A>r<216>R<GLY>,long,11.5300710318714
102,74,c<B>r<59>R<SER>,c<A>r<217>R<TYR>,medium,9.1523750469482
102,75,c<B>r<59>R<SER>,c<A>r<219>R<GLY>,medium,7.881597173162305
102,76,c<B>r<59>R<SER>,c<A>r<220>R<CYS>,long,11.219727536798745
102,78,c<B>r<59>R<SER>,c<A>r<221>R<GLN>,long,13.890240674660754
103,15,c<B>r<60>R<SER>,c<A>r<57>R<HIS>,long,12.623218963481543
103,24,c<B>r<60>R<SER>,c<A>r<96>R<GLY>,long,12.1966890999156
103,25,c<B>r<60>R<SER>,c<A>r<97>R<ASN>,long,11.063450004406402
103,26,c<B>r<60>R<SER>,c<A>r<98>R<THR>,long,12.359195685804153
103,27,c<B>r<60>R<SER>,c<A>r<99>R<LEU>,long,12.271734066544955
103,47,c<B>r<60>R<SER>,c<A>r<172>R<TYR>,long,13.98762113441739
103,60,c<B>r<60>R<SER>,c<A>r<191>R<CYS>,long,11.574255267618735
103,61,c<B>r<60>R<SER>,c<A>r<192>R<GLN>,long,10.378562569065142
103,62,c<B>r<60>R<SER>,c<A>r<193>R<GLY>,long,13.676979271754417
103,64,c<B>r<60>R<SER>,c<A>r<195>R<SER>,long,13.405646273119398
103,71,c<B>r<60>R<SER>,c<A>r<214>R<SER>,long,12.30082980940717
103,72,c<B>r<60>R<SER>,c<A>r<215>R<TRP>,medium,9.207169706266958
103,73,c<B>r<60>R<SER>,c<A>r<216>R<GLY>,medium,8.604062180156532
103,74,c<B>r<60>R<SER>,c<A>r<217>R<TYR>,medium,6.9271709232557575
103,75,c<B>r<60>R<SER>,c<A>r<219>R<GLY>,medium,7.044626462772886
103,76,c<B>r<60>R<SER>,c<A>r<220>R<CYS>,long,10.453561020054362
103,77,c<B>r<60>R<SER>,c<A>r<221>i<A>R<ALA>,long,13.919782002603347
103,78,c<B>r<60>R<SER>,c<A>r<221>R<GLN>,long,13.365931542545024
103,81,c<B>r<60>R<SER>,c<A>r<224>R<LYS>,long,12.904432029345577
103,83,c<B>r<60>R<SER>,c<A>r<226>R<GLY>,long,13.340309179325644
103,84,c<B>r<60>R<SER>,c<A>r<227>R<VAL>,long,13.67664070596285
104,15,c<B>r<61>R<PRO>,c<A>r<57>R<HIS>,long,13.593541628288047
104,24,c<B>r<61>R<PRO>,c<A>r<96>R<GLY>,long,13.015530646116586
104,25,c<B>r<61>R<PRO>,c<A>r<97>R<ASN>,long,11.43538451474195
104,26,c<B>r<61>R<PRO>,c<A>r<98>R<THR>,long,11.548572595779966
104,27,c<B>r<61>R<PRO>,c<A>r<99>R<LEU>,long,11.6024102668368
104,39,c<B>r<61>R<PRO>,c<A>r<146>R<SER>,long,13.633372693504713
104,46,c<B>r<61>R<PRO>,c<A>r<171>R<SER>,long,12.198455230069094
104,47,c<B>r<61>R<PRO>,c<A>r<172>R<TYR>,long,10.545586659830736
104,48,c<B>r<61>R<PRO>,c<A>r<173>R<PRO>,long,13.518850949692434
104,50,c<B>r<61>R<PRO>,c<A>r<175>R<GLN>,long,11.919814847555308
104,51,c<B>r<61>R<PRO>,c<A>r<176>R<ILE>,long,13.715161974982287
104,58,c<B>r<61>R<PRO>,c<A>r<189>R<ASP>,long,13.307629165257046
104,59,c<B>r<61>R<PRO>,c<A>r<190>R<SER>,long,12.680182372505532
104,60,c<B>r<61>R<PRO>,c<A>r<191>R<CYS>,long,10.614478602361965
104,61,c<B>r<61>R<PRO>,c<A>r<192>R<GLN>,long,10.69290428274751
104,64,c<B>r<61>R<PRO>,c<A>r<195>R<SER>,long,13.220334829345283
104,70,c<B>r<61>R<PRO>,c<A>r<213>R<VAL>,long,13.61920203242466
104,71,c<B>r<61>R<PRO>,c<A>r<214>R<SER>,long,11.043839413899498
104,72,c<B>r<61>R<PRO>,c<A>r<215>R<TRP>,medium,7.384715363505893
104,73,c<B>r<61>R<PRO>,c<A>r<216>R<GLY>,short,5.4892931238912706
104,74,c<B>r<61>R<PRO>,c<A>r<217>R<TYR>,short,3.312156699191631
104,75,c<B>r<61>R<PRO>,c<A>r<219>R<GLY>,short,4.97832391473275
104,76,c<B>r<61>R<PRO>,c<A>r<220>R<CYS>,medium,8.321770304448446
104,77,c<B>r<61>R<PRO>,c<A>r<221>i<A>R<ALA>,long,11.350675486507399
104,78,c<B>r<61>R<PRO>,c<A>r<221>R<GLN>,long,10.486135274733012
104,79,c<B>r<61>R<PRO>,c<A>r<222>R<LYS>,long,12.910867515391828
104,80,c<B>r<61>R<PRO>,c<A>r<223>R<ASN>,long,12.579334918826193
104,81,c<B>r<61>R<PRO>,c<A>r<224>R<LYS>,medium,9.218655053748348
104,82,c<B>r<61>R<PRO>,c<A>r<225>R<PRO>,long,11.024917097193972
104,83,c<B>r<61>R<PRO>,c<A>r<226>R<GLY>,long,10.35675151772987
104,84,c<B>r<61>R<PRO>,c<A>r<227>R<VAL>,long,10.869088554244094
104,85,c<B>r<61>R<PRO>,c<A>r<228>R<TYR>,long,13.6506307912858
105,13,c<B>r<62>R<TYR>,c<A>r<55>R<ALA>,long,12.388510362428569
105,14,c<B>r<62>R<TYR>,c<A>r<56>R<ALA>,long,13.049086021633853
105,15,c<B>r<62>R<TYR>,c<A>r<57>R<HIS>,long,10.23175190277794
105,16,c<B>r<62>R<TYR>,c<A>r<58>R<CYS>,long,12.345501771900565
105,23,c<B>r<62>R<TYR>,c<A>r<95>R<ASN>,long,13.312081204680206
105,24,c<B>r<62>R<TYR>,c<A>r<96>R<GLY>,long,10.809643611146484
105,25,c<B>r<62>R<TYR>,c<A>r<97>R<ASN>,long,10.170620728352818
105,26,c<B>r<62>R<TYR>,c<A>r<98>R<THR>,medium,9.937609772978611
105,27,c<B>r<62>R<TYR>,c<A>r<99>R<LEU>,medium,8.85070714688945
105,28,c<B>r<62>R<TYR>,c<A>r<100>R<ASP>,long,12.156570075477703
105,29,c<B>r<62>R<TYR>,c<A>r<102>R<ASP>,long,11.701949410247849
105,35,c<B>r<62>R<TYR>,c<A>r<142>R<GLY>,long,13.639652524899597
105,36,c<B>r<62>R<TYR>,c<A>r<143>R<ASN>,long,13.594614889727476
105,46,c<B>r<62>R<TYR>,c<A>r<171>R<SER>,long,12.89815998505213
105,47,c<B>r<62>R<TYR>,c<A>r<172>R<TYR>,long,11.082631230894583
105,50,c<B>r<62>R<TYR>,c<A>r<175>R<GLN>,long,11.417389762988735
105,51,c<B>r<62>R<TYR>,c<A>r<176>R<ILE>,long,12.391991970623609
105,52,c<B>r<62>R<TYR>,c<A>r<180>R<MET>,long,12.926403676197024
105,53,c<B>r<62>R<TYR>,c<A>r<181>R<ILE>,long,13.761947282270775
105,54,c<B>r<62>R<TYR>,c<A>r<182>R<CYS>,long,12.599447487886124
105,58,c<B>r<62>R<TYR>,c<A>r<189>R<ASP>,long,12.039698044386329
105,59,c<B>r<62>R<TYR>,c<A>r<190>R<SER>,long,10.575093096516929
105,60,c<B>r<62>R<TYR>,c<A>r<191>R<CYS>,medium,8.785735313563688
105,61,c<B>r<62>R<TYR>,c<A>r<192>R<GLN>,medium,8.66095381583345
105,62,c<B>r<62>R<TYR>,c<A>r<193>R<GLY>,long,11.723818149391434
105,63,c<B>r<62>R<TYR>,c<A>r<194>R<ASP>,long,11.65526516214882
105,64,c<B>r<62>R<TYR>,c<A>r<195>R<SER>,medium,9.73568086987243
105,65,c<B>r<62>R<TYR>,c<A>r<196>R<GLY>,long,12.431648764343368
105,69,c<B>r<62>R<TYR>,c<A>r<212>R<ILE>,long,13.107349884702092
105,70,c<B>r<62>R<TYR>,c<A>r<213>R<VAL>,long,10.060048956143305
105,71,c<B>r<62>R<TYR>,c<A>r<214>R<SER>,medium,7.2700965605691925
105,72,c<B>r<62>R<TYR>,c<A>r<215>R<TRP>,short,3.8252521485517765
105,73,c<B>r<62>R<TYR>,c<A>r<216>R<GLY>,short,3.9307564157551136
105,74,c<B>r<62>R<TYR>,c<A>r<217>R<TYR>,short,4.947931588047676
105,75,c<B>r<62>R<TYR>,c<A>r<219>R<GLY>,medium,6.30056045126146
105,76,c<B>r<62>R<TYR>,c<A>r<220>R<CYS>,medium,8.328320238799657
105,77,c<B>r<62>R<TYR>,c<A>r<221>i<A>R<ALA>,long,11.571477044872015
105,78,c<B>r<62>R<TYR>,c<A>r<221>R<GLN>,long,11.872223296417568
105,80,c<B>r<62>R<TYR>,c<A>r<223>R<ASN>,long,13.72964172875607
105,81,c<B>r<62>R<TYR>,c<A>r<224>R<LYS>,medium,9.954291838197229
105,82,c<B>r<62>R<TYR>,c<A>r<225>R<PRO>,long,10.418012862345677
105,83,c<B>r<62>R<TYR>,c<A>r<226>R<GLY>,medium,8.482880937511736
105,84,c<B>r<62>R<TYR>,c<A>r<227>R<VAL>,medium,8.35401286807723
105,85,c<B>r<62>R<TYR>,c<A>r<228>R<TYR>,long,10.446071223191998
105,86,c<B>r<62>R<TYR>,c<A>r<229>R<THR>,long,12.417665843466716
106,0,c<B>r<63>R<ARG>,c<A>r<16>R<ILE>,long,10.68607266492232
106,1,c<B>r<63>R<ARG>,c<A>r<17>R<VAL>,long,11.739172883981222
106,8,c<B>r<63>R<ARG>,c<A>r<41>R<PHE>,long,12.433472282512234
106,9,c<B>r<63>R<ARG>,c<A>r<42>R<CYS>,long,11.06251047457131
106,10,c<B>r<63>R<ARG>,c<A>r<43>R<GLY>,long,12.445384606351062
106,12,c<B>r<63>R<ARG>,c<A>r<54>R<SER>,long,13.690584866980663
106,13,c<B>r<63>R<ARG>,c<A>r<55>R<ALA>,long,11.120629298740246
106,14,c<B>r<63>R<ARG>,c<A>r<56>R<ALA>,long,12.645533638403718
106,15,c<B>r<63>R<ARG>,c<A>r<57>R<HIS>,medium,9.939546971567667
106,16,c<B>r<63>R<ARG>,c<A>r<58>R<CYS>,long,10.922114676197094
106,24,c<B>r<63>R<ARG>,c<A>r<96>R<GLY>,long,12.853847439580104
106,25,c<B>r<63>R<ARG>,c<A>r<97>R<ASN>,long,13.125724399056992
106,26,c<B>r<63>R<ARG>,c<A>r<98>R<THR>,long,12.839403140333278
106,27,c<B>r<63>R<ARG>,c<A>r<99>R<LEU>,long,10.817454321604504
106,28,c<B>r<63>R<ARG>,c<A>r<100>R<ASP>,long,13.862963067107984
106,29,c<B>r<63>R<ARG>,c<A>r<102>R<ASP>,long,11.953356055936759
106,31,c<B>r<63>R<ARG>,c<A>r<138>R<ILE>,long,13.577905876827986
106,32,c<B>r<63>R<ARG>,c<A>r<139>R<SER>,long,13.751243943731051
106,33,c<B>r<63>R<ARG>,c<A>r<140>R<GLY>,long,12.539988237634038
106,34,c<B>r<63>R<ARG>,c<A>r<141>R<TRP>,long,13.163918147724862
106,35,c<B>r<63>R<ARG>,c<A>r<142>R<GLY>,medium,9.92829018512251
106,36,c<B>r<63>R<ARG>,c<A>r<143>R<ASN>,long,10.19431042297614
106,37,c<B>r<63>R<ARG>,c<A>r<144>R<THR>,long,12.605011186032325
106,38,c<B>r<63>R<ARG>,c<A>r<145>R<LYS>,long,13.228477652398253
106,39,c<B>r<63>R<ARG>,c<A>r<146>R<SER>,long,12.331119373357797
106,42,c<B>r<63>R<ARG>,c<A>r<149>R<SER>,long,13.507584610136632
106,47,c<B>r<63>R<ARG>,c<A>r<172>R<TYR>,long,13.597898146404834
106,52,c<B>r<63>R<ARG>,c<A>r<180>R<MET>,long,13.656896902298119
106,53,c<B>r<63>R<ARG>,c<A>r<181>R<ILE>,long,13.92492664253568
106,54,c<B>r<63>R<ARG>,c<A>r<182>R<CYS>,long,12.47739836664679
106,55,c<B>r<63>R<ARG>,c<A>r<183>R<VAL>,long,13.022084049797867
106,56,c<B>r<63>R<ARG>,c<A>r<184>i<A>R<GLY>,long,13.228552679715193
106,57,c<B>r<63>R<ARG>,c<A>r<188>R<LYS>,long,13.11745291586747
106,58,c<B>r<63>R<ARG>,c<A>r<189>R<ASP>,medium,9.577643029472334
106,59,c<B>r<63>R<ARG>,c<A>r<190>R<SER>,medium,7.370203592845995
106,60,c<B>r<63>R<ARG>,c<A>r<191>R<CYS>,short,5.249898856168564
106,61,c<B>r<63>R<ARG>,c<A>r<192>R<GLN>,short,5.252515587792195
106,62,c<B>r<63>R<ARG>,c<A>r<193>R<GLY>,medium,8.254683337354617
106,63,c<B>r<63>R<ARG>,c<A>r<194>R<ASP>,medium,8.016673811500626
106,64,c<B>r<63>R<ARG>,c<A>r<195>R<SER>,medium,6.750463169294384
106,65,c<B>r<63>R<ARG>,c<A>r<196>R<GLY>,long,10.000452689753597
106,66,c<B>r<63>R<ARG>,c<A>r<197>R<GLY>,long,11.568869521262654
106,67,c<B>r<63>R<ARG>,c<A>r<198>R<PRO>,long,13.717932825320291
106,68,c<B>r<63>R<ARG>,c<A>r<211>R<GLY>,long,13.714243143535118
106,69,c<B>r<63>R<ARG>,c<A>r<212>R<ILE>,long,11.319918462603871
106,70,c<B>r<63>R<ARG>,c<A>r<213>R<VAL>,medium,7.7416139144237865
106,71,c<B>r<63>R<ARG>,c<A>r<214>R<SER>,medium,6.212736997491524
106,72,c<B>r<63>R<ARG>,c<A>r<215>R<TRP>,short,4.084155114586124
106,73,c<B>r<63>R<ARG>,c<A>r<216>R<GLY>,short,5.139056820078954
106,74,c<B>r<63>R<ARG>,c<A>r<217>R<TYR>,medium,6.687442710034983
106,75,c<B>r<63>R<ARG>,c<A>r<219>R<GLY>,medium,6.205013053974988
106,76,c<B>r<63>R<ARG>,c<A>r<220>R<CYS>,medium,6.673496459877686
106,77,c<B>r<63>R<ARG>,c<A>r<221>i<A>R<ALA>,long,10.058597814805003
106,78,c<B>r<63>R<ARG>,c<A>r<221>R<GLN>,long,11.522798054292197
106,81,c<B>r<63>R<ARG>,c<A>r<224>R<LYS>,long,10.680188153773322
106,82,c<B>r<63>R<ARG>,c<A>r<225>R<PRO>,long,10.164219842171853
106,83,c<B>r<63>R<ARG>,c<A>r<226>R<GLY>,medium,7.539847213306116
106,84,c<B>r<63>R<ARG>,c<A>r<227>R<VAL>,medium,8.360805583195916
106,85,c<B>r<63>R<ARG>,c<A>r<228>R<TYR>,medium,9.738468924836182
106,86,c<B>r<63>R<ARG>,c<A>r<229>R<THR>,long,12.098454446746493
107,0,c<B>r<64>R<ILE>,c<A>r<16>R<ILE>,long,12.712542507303564
107,7,c<B>r<64>R<ILE>,c<A>r<40>R<HIS>,long,13.522879020386156
107,8,c<B>r<64>R<ILE>,c<A>r<41>R<PHE>,medium,9.970383894314201
107,9,c<B>r<64>R<ILE>,c<A>r<42>R<CYS>,medium,9.158398440775548
107,10,c<B>r<64>R<ILE>,c<A>r<43>R<GLY>,long,11.473657655691145
107,11,c<B>r<64>R<ILE>,c<A>r<44>R<GLY>,long,13.75324314480043
107,12,c<B>r<64>R<ILE>,c<A>r<54>R<SER>,long,12.430577862673962
107,13,c<B>r<64>R<ILE>,c<A>r<55>R<ALA>,medium,9.662284512474264
107,14,c<B>r<64>R<ILE>,c<A>r<56>R<ALA>,long,10.41902092329217
107,15,c<B>r<64>R<ILE>,c<A>r<57>R<HIS>,medium,7.14377519243152
107,16,c<B>r<64>R<ILE>,c<A>r<58>R<CYS>,medium,7.892409834771632
107,17,c<B>r<64>R<ILE>,c<A>r<59>R<TYR>,long,11.25503420696712
107,18,c<B>r<64>R<ILE>,c<A>r<60>R<LYS>,long,13.387037013469413
107,23,c<B>r<64>R<ILE>,c<A>r<95>R<ASN>,long,13.922840837989925
107,24,c<B>r<64>R<ILE>,c<A>r<96>R<GLY>,long,10.997756498486408
107,25,c<B>r<64>R<ILE>,c<A>r<97>R<ASN>,long,12.084910467190065
107,26,c<B>r<64>R<ILE>,c<A>r<98>R<THR>,long,12.710928644280873
107,27,c<B>r<64>R<ILE>,c<A>r<99>R<LEU>,long,10.363200374401721
107,28,c<B>r<64>R<ILE>,c<A>r<100>R<ASP>,long,13.731609483232472
107,29,c<B>r<64>R<ILE>,c<A>r<102>R<ASP>,long,11.093734222523992
107,30,c<B>r<64>R<ILE>,c<A>r<103>R<ILE>,long,13.11882197455244
107,33,c<B>r<64>R<ILE>,c<A>r<140>R<GLY>,long,13.111713884919851
107,34,c<B>r<64>R<ILE>,c<A>r<141>R<TRP>,long,13.17500516128931
107,35,c<B>r<64>R<ILE>,c<A>r<142>R<GLY>,long,10.180169055570737
107,36,c<B>r<64>R<ILE>,c<A>r<143>R<ASN>,long,10.999457304794632
107,42,c<B>r<64>R<ILE>,c<A>r<149>R<SER>,long,13.941953163025616
107,58,c<B>r<64>R<ILE>,c<A>r<189>R<ASP>,long,12.908146807346125
107,59,c<B>r<64>R<ILE>,c<A>r<190>R<SER>,long,10.089059867004456
107,60,c<B>r<64>R<ILE>,c<A>r<191>R<CYS>,medium,7.4464011441769635
107,61,c<B>r<64>R<ILE>,c<A>r<192>R<GLN>,short,5.218552864540131
107,62,c<B>r<64>R<ILE>,c<A>r<193>R<GLY>,medium,7.275114500817152
107,63,c<B>r<64>R<ILE>,c<A>r<194>R<ASP>,medium,8.271854507908127
107,64,c<B>r<64>R<ILE>,c<A>r<195>R<SER>,medium,6.0942412981436815
107,65,c<B>r<64>R<ILE>,c<A>r<196>R<GLY>,medium,9.169922355178368
107,66,c<B>r<64>R<ILE>,c<A>r<197>R<GLY>,long,11.639216812139896
107,69,c<B>r<64>R<ILE>,c<A>r<212>R<ILE>,long,12.007211249911446
107,70,c<B>r<64>R<ILE>,c<A>r<213>R<VAL>,medium,8.880031418863334
107,71,c<B>r<64>R<ILE>,c<A>r<214>R<SER>,medium,6.994110307966267
107,72,c<B>r<64>R<ILE>,c<A>r<215>R<TRP>,medium,6.11935037401847
107,73,c<B>r<64>R<ILE>,c<A>r<216>R<GLY>,medium,8.334295471124118
107,74,c<B>r<64>R<ILE>,c<A>r<217>R<TYR>,medium,9.609661388415308
107,75,c<B>r<64>R<ILE>,c<A>r<219>R<GLY>,medium,9.002085369513
107,76,c<B>r<64>R<ILE>,c<A>r<220>R<CYS>,long,10.010649978897474
107,77,c<B>r<64>R<ILE>,c<A>r<221>i<A>R<ALA>,long,13.57519347928419
107,82,c<B>r<64>R<ILE>,c<A>r<225>R<PRO>,long,13.887563465201517
107,83,c<B>r<64>R<ILE>,c<A>r<226>R<GLY>,long,11.030899600667208
107,84,c<B>r<64>R<ILE>,c<A>r<227>R<VAL>,long,11.089954192872032
107,85,c<B>r<64>R<ILE>,c<A>r<228>R<TYR>,long,11.602996294061288
107,86,c<B>r<64>R<ILE>,c<A>r<229>R<THR>,long,12.991486366078362
108,0,c<B>r<65>R<ARG>,c<A>r<16>R<ILE>,long,12.230291819903561
108,1,c<B>r<65>R<ARG>,c<A>r<17>R<VAL>,long,13.82541554529194
108,2,c<B>r<65>R<ARG>,c<A>r<33>R<LEU>,long,12.935335210190729
108,3,c<B>r<65>R<ARG>,c<A>r<34>R<ASN>,long,13.518162781975954
108,4,c<B>r<65>R<ARG>,c<A>r<37>R<SER>,long,13.686066271942423
108,6,c<B>r<65>R<ARG>,c<A>r<39>R<SER>,long,12.81680514012755
108,7,c<B>r<65>R<ARG>,c<A>r<40>R<HIS>,long,10.99262725648423
108,8,c<B>r<65>R<ARG>,c<A>r<41>R<PHE>,medium,7.702127368461261
108,9,c<B>r<65>R<ARG>,c<A>r<42>R<CYS>,medium,8.27497438062499
108,10,c<B>r<65>R<ARG>,c<A>r<43>R<GLY>,long,11.284983872385464
108,12,c<B>r<65>R<ARG>,c<A>r<54>R<SER>,long,13.879132141456106
108,13,c<B>r<65>R<ARG>,c<A>r<55>R<ALA>,long,11.826634136558043
108,14,c<B>r<65>R<ARG>,c<A>r<56>R<ALA>,long,12.617265710129118
108,15,c<B>r<65>R<ARG>,c<A>r<57>R<HIS>,medium,9.31714768585322
108,16,c<B>r<65>R<ARG>,c<A>r<58>R<CYS>,medium,8.663345658577867
108,17,c<B>r<65>R<ARG>,c<A>r<59>R<TYR>,long,11.866206386204478
108,18,c<B>r<65>R<ARG>,c<A>r<60>R<LYS>,long,12.979599724182561
108,24,c<B>r<65>R<ARG>,c<A>r<96>R<GLY>,long,13.930568007084277
108,33,c<B>r<65>R<ARG>,c<A>r<140>R<GLY>,long,12.519495756618953
108,34,c<B>r<65>R<ARG>,c<A>r<141>R<TRP>,long,11.484935785628057
108,35,c<B>r<65>R<ARG>,c<A>r<142>R<GLY>,medium,8.42197417474074
108,36,c<B>r<65>R<ARG>,c<A>r<143>R<ASN>,medium,8.928433793224878
108,37,c<B>r<65>R<ARG>,c<A>r<144>R<THR>,long,12.554858979693877
108,38,c<B>r<65>R<ARG>,c<A>r<145>R<LYS>,long,13.381732249600569
108,39,c<B>r<65>R<ARG>,c<A>r<146>R<SER>,long,13.864928488816664
108,41,c<B>r<65>R<ARG>,c<A>r<148>R<GLY>,long,13.141034129778369
108,42,c<B>r<65>R<ARG>,c<A>r<149>R<SER>,long,11.179239732647295
108,43,c<B>r<65>R<ARG>,c<A>r<150>R<SER>,long,12.585606302439308
108,44,c<B>r<65>R<ARG>,c<A>r<151>R<TYR>,long,11.474246424057657
108,58,c<B>r<65>R<ARG>,c<A>r<189>R<ASP>,long,13.865594866431081
108,59,c<B>r<65>R<ARG>,c<A>r<190>R<SER>,long,10.902531724328988
108,60,c<B>r<65>R<ARG>,c<A>r<191>R<CYS>,medium,7.523820106834028
108,61,c<B>r<65>R<ARG>,c<A>r<192>R<GLN>,short,3.910399851677575
108,62,c<B>r<65>R<ARG>,c<A>r<193>R<GLY>,short,5.429809757256692
108,63,c<B>r<65>R<ARG>,c<A>r<194>R<ASP>,medium,8.08141621252117
108,64,c<B>r<65>R<ARG>,c<A>r<195>R<SER>,medium,7.234942017735869
108,65,c<B>r<65>R<ARG>,c<A>r<196>R<GLY>,long,10.559446813162136
108,66,c<B>r<65>R<ARG>,c<A>r<197>R<GLY>,long,12.553847258908323
108,70,c<B>r<65>R<ARG>,c<A>r<213>R<VAL>,long,11.151726189249803
108,71,c<B>r<65>R<ARG>,c<A>r<214>R<SER>,long,10.24307502657283
108,72,c<B>r<65>R<ARG>,c<A>r<215>R<TRP>,medium,9.65271464407811
108,73,c<B>r<65>R<ARG>,c<A>r<216>R<GLY>,long,11.32235373056327
108,74,c<B>r<65>R<ARG>,c<A>r<217>R<TYR>,long,11.841597400688814
108,75,c<B>r<65>R<ARG>,c<A>r<219>R<GLY>,long,10.065485780626787
108,76,c<B>r<65>R<ARG>,c<A>r<220>R<CYS>,long,10.785889671232505
108,83,c<B>r<65>R<ARG>,c<A>r<226>R<GLY>,long,13.57546739526857
109,2,c<B>r<66>R<PHE>,c<A>r<33>R<LEU>,long,13.731086810591508
109,3,c<B>r<66>R<PHE>,c<A>r<34>R<ASN>,long,13.787101689622801
109,4,c<B>r<66>R<PHE>,c<A>r<37>R<SER>,long,12.932106943572649
109,6,c<B>r<66>R<PHE>,c<A>r<39>R<SER>,long,13.157189441518277
109,7,c<B>r<66>R<PHE>,c<A>r<40>R<HIS>,long,12.15854736389179
109,8,c<B>r<66>R<PHE>,c<A>r<41>R<PHE>,medium,8.661535776061887
109,9,c<B>r<66>R<PHE>,c<A>r<42>R<CYS>,medium,9.88084454892394
109,10,c<B>r<66>R<PHE>,c<A>r<43>R<GLY>,long,13.337735827343412
109,13,c<B>r<66>R<PHE>,c<A>r<55>R<ALA>,long,12.419494152339704
109,14,c<B>r<66>R<PHE>,c<A>r<56>R<ALA>,long,12.048424544312837
109,15,c<B>r<66>R<PHE>,c<A>r<57>R<HIS>,medium,8.464477833865478
109,16,c<B>r<66>R<PHE>,c<A>r<58>R<CYS>,medium,8.164941273518139
109,17,c<B>r<66>R<PHE>,c<A>r<59>R<TYR>,long,10.38267913401931
109,18,c<B>r<66>R<PHE>,c<A>r<60>R<LYS>,long,11.062529954761706
109,24,c<B>r<66>R<PHE>,c<A>r<96>R<GLY>,long,12.348785081942273
109,25,c<B>r<66>R<PHE>,c<A>r<97>R<ASN>,long,13.916431942132295
109,27,c<B>r<66>R<PHE>,c<A>r<99>R<LEU>,long,13.785852929724733
109,35,c<B>r<66>R<PHE>,c<A>r<142>R<GLY>,long,11.894965699824443
109,36,c<B>r<66>R<PHE>,c<A>r<143>R<ASN>,long,12.461195368021478
109,42,c<B>r<66>R<PHE>,c<A>r<149>R<SER>,long,13.79276190615933
109,60,c<B>r<66>R<PHE>,c<A>r<191>R<CYS>,long,11.226089479422477
109,61,c<B>r<66>R<PHE>,c<A>r<192>R<GLN>,medium,7.697617488548
109,62,c<B>r<66>R<PHE>,c<A>r<193>R<GLY>,medium,8.573059080631603
109,63,c<B>r<66>R<PHE>,c<A>r<194>R<ASP>,long,11.325723817928814
109,64,c<B>r<66>R<PHE>,c<A>r<195>R<SER>,medium,9.659460336892533
109,65,c<B>r<66>R<PHE>,c<A>r<196>R<GLY>,long,12.275758754553628
109,70,c<B>r<66>R<PHE>,c<A>r<213>R<VAL>,long,13.620482113346796
109,71,c<B>r<66>R<PHE>,c<A>r<214>R<SER>,long,11.991525257447446
109,72,c<B>r<66>R<PHE>,c<A>r<215>R<TRP>,long,11.432429313142505
109,73,c<B>r<66>R<PHE>,c<A>r<216>R<GLY>,long,13.368987770209083
109,74,c<B>r<66>R<PHE>,c<A>r<217>R<TYR>,long,13.707561599350925
109,75,c<B>r<66>R<PHE>,c<A>r<219>R<GLY>,long,12.45924845245491
109,76,c<B>r<66>R<PHE>,c<A>r<220>R<CYS>,long,13.955743907079983
110,8,c<B>r<67>R<ILE>,c<A>r<41>R<PHE>,long,12.341429576835901
110,9,c<B>r<67>R<ILE>,c<A>r<42>R<CYS>,long,13.266864022820158
110,13,c<B>r<67>R<ILE>,c<A>r<55>R<ALA>,long,13.985208650570788
110,14,c<B>r<67>R<ILE>,c<A>r<56>R<ALA>,long,12.863990282956529
110,15,c<B>r<67>R<ILE>,c<A>r<57>R<HIS>,medium,9.14817244043858
110,16,c<B>r<67>R<ILE>,c<A>r<58>R<CYS>,long,10.210328790004754
110,17,c<B>r<67>R<ILE>,c<A>r<59>R<TYR>,long,11.794024249593518
110,18,c<B>r<67>R<ILE>,c<A>r<60>R<LYS>,long,12.747048403454032
110,24,c<B>r<67>R<ILE>,c<A>r<96>R<GLY>,long,10.56878133939765
110,25,c<B>r<67>R<ILE>,c<A>r<97>R<ASN>,long,11.518511275334152
110,26,c<B>r<67>R<ILE>,c<A>r<98>R<THR>,long,13.993556945966239
110,27,c<B>r<67>R<ILE>,c<A>r<99>R<LEU>,long,12.795023915569674
110,60,c<B>r<67>R<ILE>,c<A>r<191>R<CYS>,long,13.413373513027958
110,61,c<B>r<67>R<ILE>,c<A>r<192>R<GLN>,long,10.37799368857006
110,62,c<B>r<67>R<ILE>,c<A>r<193>R<GLY>,long,11.999469821621284
110,64,c<B>r<67>R<ILE>,c<A>r<195>R<SER>,long,12.234727050490335
110,71,c<B>r<67>R<ILE>,c<A>r<214>R<SER>,long,13.033356129562328
110,72,c<B>r<67>R<ILE>,c<A>r<215>R<TRP>,long,11.764902634531232
110,73,c<B>r<67>R<ILE>,c<A>r<216>R<GLY>,long,13.309962509338632
110,74,c<B>r<67>R<ILE>,c<A>r<217>R<TYR>,long,13.172815758219652
110,75,c<B>r<67>R<ILE>,c<A>r<219>R<GLY>,long,12.605529976958525
111,8,c<B>r<68>R<ALA>,c<A>r<41>R<PHE>,long,13.44319489555961
111,9,c<B>r<68>R<ALA>,c<A>r<42>R<CYS>,long,13.950647583535323
111,13,c<B>r<68>R<ALA>,c<A>r<55>R<ALA>,long,12.92843339310684
111,14,c<B>r<68>R<ALA>,c<A>r<56>R<ALA>,long,10.849364727946057
111,15,c<B>r<68>R<ALA>,c<A>r<57>R<HIS>,medium,7.545629330943842
111,16,c<B>r<68>R<ALA>,c<A>r<58>R<CYS>,medium,9.27431134909757
111,17,c<B>r<68>R<ALA>,c<A>r<59>R<TYR>,medium,9.78209737224078
111,18,c<B>r<68>R<ALA>,c<A>r<60>R<LYS>,long,10.985551510962026
111,19,c<B>r<68>R<ALA>,c<A>r<61>R<SER>,long,13.814097943767443
111,22,c<B>r<68>R<ALA>,c<A>r<94>R<PHE>,long,13.060102449827871
111,23,c<B>r<68>R<ALA>,c<A>r<95>R<ASN>,long,11.610724137623805
111,24,c<B>r<68>R<ALA>,c<A>r<96>R<GLY>,medium,7.93023114417228
111,25,c<B>r<68>R<ALA>,c<A>r<97>R<ASN>,medium,9.660319094108642
111,26,c<B>r<68>R<ALA>,c<A>r<98>R<THR>,long,12.557352945585308
111,27,c<B>r<68>R<ALA>,c<A>r<99>R<LEU>,long,11.332799918819708
111,29,c<B>r<68>R<ALA>,c<A>r<102>R<ASP>,long,13.091651423712747
111,61,c<B>r<68>R<ALA>,c<A>r<192>R<GLN>,long,12.930609034380401
111,62,c<B>r<68>R<ALA>,c<A>r<193>R<GLY>,long,13.981738554271423
111,64,c<B>r<68>R<ALA>,c<A>r<195>R<SER>,long,13.082388275846272
111,71,c<B>r<68>R<ALA>,c<A>r<214>R<SER>,long,13.218579084001426
111,72,c<B>r<68>R<ALA>,c<A>r<215>R<TRP>,long,12.582322241939284
112,14,c<B>r<69>R<GLU>,c<A>r<56>R<ALA>,long,13.064806083520722
112,15,c<B>r<69>R<GLU>,c<A>r<57>R<HIS>,long,10.259466311655789
112,16,c<B>r<69>R<GLU>,c<A>r<58>R<CYS>,long,12.584534397426072
112,17,c<B>r<69>R<GLU>,c<A>r<59>R<TYR>,long,12.491386872561428
112,18,c<B>r<69>R<GLU>,c<A>r<60>R<LYS>,long,13.674668003282568
112,22,c<B>r<69>R<GLU>,c<A>r<94>R<PHE>,long,13.384223436568892
112,23,c<B>r<69>R<GLU>,c<A>r<95>R<ASN>,long,11.158928174336461
112,24,c<B>r<69>R<GLU>,c<A>r<96>R<GLY>,medium,7.694111839582267
112,25,c<B>r<69>R<GLU>,c<A>r<97>R<ASN>,medium,8.595780709161911
112,26,c<B>r<69>R<GLU>,c<A>r<98>R<THR>,long,12.152780504888584
112,27,c<B>r<69>R<GLU>,c<A>r<99>R<LEU>,long,11.993657532212598
113,14,c<B>r<70>R<GLY>,c<A>r<56>R<ALA>,long,13.701773534838475
113,15,c<B>r<70>R<GLY>,c<A>r<57>R<HIS>,long,11.197939497961222
113,22,c<B>r<70>R<GLY>,c<A>r<94>R<PHE>,long,12.402434317503964
113,23,c<B>r<70>R<GLY>,c<A>r<95>R<ASN>,medium,9.36738266539806
113,24,c<B>r<70>R<GLY>,c<A>r<96>R<GLY>,medium,6.255438993388076
113,25,c<B>r<70>R<GLY>,c<A>r<97>R<ASN>,short,5.59493127750467
113,26,c<B>r<70>R<GLY>,c<A>r<98>R<THR>,medium,9.327978023130202
113,27,c<B>r<70>R<GLY>,c<A>r<99>R<LEU>,long,10.202860922309977
113,28,c<B>r<70>R<GLY>,c<A>r<100>R<ASP>,long,13.192563587112252
113,72,c<B>r<70>R<GLY>,c<A>r<215>R<TRP>,long,13.832019881420068
114,14,c<B>r<71>R<HIS>,c<A>r<56>R<ALA>,long,12.862583993894852
114,15,c<B>r<71>R<HIS>,c<A>r<57>R<HIS>,medium,9.851691935906238
114,16,c<B>r<71>R<HIS>,c<A>r<58>R<CYS>,long,12.886461228747013
114,22,c<B>r<71>R<HIS>,c<A>r<94>R<PHE>,long,12.67934730181329
114,23,c<B>r<71>R<HIS>,c<A>r<95>R<ASN>,medium,9.898827556837224
114,24,c<B>r<71>R<HIS>,c<A>r<96>R<GLY>,medium,6.409695624598722
114,25,c<B>r<71>R<HIS>,c<A>r<97>R<ASN>,short,5.399994537034275
114,26,c<B>r<71>R<HIS>,c<A>r<98>R<THR>,medium,8.293872256069537
114,27,c<B>r<71>R<HIS>,c<A>r<99>R<LEU>,medium,8.705957845062196
114,28,c<B>r<71>R<HIS>,c<A>r<100>R<ASP>,long,12.259546851331823
114,29,c<B>r<71>R<HIS>,c<A>r<102>R<ASP>,long,12.819119665562063
114,50,c<B>r<71>R<HIS>,c<A>r<175>R<GLN>,long,13.31886421584063
114,71,c<B>r<71>R<HIS>,c<A>r<214>R<SER>,long,12.472505321706622
114,72,c<B>r<71>R<HIS>,c<A>r<215>R<TRP>,long,10.517232953586223
114,73,c<B>r<71>R<HIS>,c<A>r<216>R<GLY>,long,11.635155392172466
114,74,c<B>r<71>R<HIS>,c<A>r<217>R<TYR>,long,11.695136681544172
114,75,c<B>r<71>R<HIS>,c<A>r<219>R<GLY>,long,13.07515663386103
115,15,c<B>r<72>R<PRO>,c<A>r<57>R<HIS>,long,13.137488572782853
115,23,c<B>r<72>R<PRO>,c<A>r<95>R<ASN>,long,12.477336935420153
115,24,c<B>r<72>R<PRO>,c<A>r<96>R<GLY>,medium,9.51868803985087
115,25,c<B>r<72>R<PRO>,c<A>r<97>R<ASN>,medium,7.139060512420384
115,26,c<B>r<72>R<PRO>,c<A>r<98>R<THR>,medium,9.218941425131195
115,27,c<B>r<72>R<PRO>,c<A>r<99>R<LEU>,long,10.608072115139487
115,28,c<B>r<72>R<PRO>,c<A>r<100>R<ASP>,long,13.97236218396875
115,47,c<B>r<72>R<PRO>,c<A>r<172>R<TYR>,long,13.52504573005208
115,50,c<B>r<72>R<PRO>,c<A>r<175>R<GLN>,long,12.335234006698048
115,72,c<B>r<72>R<PRO>,c<A>r<215>R<TRP>,long,11.218768337032365
115,73,c<B>r<72>R<PRO>,c<A>r<216>R<GLY>,long,11.051751037731531
115,74,c<B>r<72>R<PRO>,c<A>r<217>R<TYR>,long,10.06758908577421
115,75,c<B>r<72>R<PRO>,c<A>r<219>R<GLY>,long,11.801297004990596
116,24,c<B>r<73>R<LEU>,c<A>r<96>R<GLY>,long,12.70491125510131
116,25,c<B>r<73>R<LEU>,c<A>r<97>R<ASN>,long,10.810281171181439
116,26,c<B>r<73>R<LEU>,c<A>r<98>R<THR>,long,12.898349080405598
116,27,c<B>r<73>R<LEU>,c<A>r<99>R<LEU>,long,13.892967141687189
116,72,c<B>r<73>R<LEU>,c<A>r<215>R<TRP>,long,12.887886289070055
116,73,c<B>r<73>R<LEU>,c<A>r<216>R<GLY>,long,12.201123677760174
116,74,c<B>r<73>R<LEU>,c<A>r<217>R<TYR>,long,10.210452389585878
116,75,c<B>r<73>R<LEU>,c<A>r<219>R<GLY>,long,10.92418404275578
117,73,c<B>r<74>R<SER>,c<A>r<216>R<GLY>,long,13.428805494160674
117,74,c<B>r<74>R<SER>,c<A>r<217>R<TYR>,long,10.510440047876207
117,75,c<B>r<74>R<SER>,c<A>r<219>R<GLY>,long,10.706784811510877
118,74,c<B>r<75>R<LEU>,c<A>r<217>R<TYR>,long,13.642660517655639
118,75,c<B>r<75>R<LEU>,c<A>r<219>R<GLY>,long,13.023403280248987
119,41,c<B>r<78>R<ASP>,c<A>r<148>R<GLY>,long,13.475651709657683
120,48,c<B>r<115>R<ASP>,c<A>r<173>R<PRO>,long,13.94550626546057
121,25,c<B>r<116>R<GLY>,c<A>r<97>R<ASN>,long,13.170834066223748
121,48,c<B>r<116>R<GLY>,c<A>r<173>R<PRO>,long,13.595454460958633
121,49,c<B>r<116>R<GLY>,c<A>r<174>R<GLY>,long,13.784719112118317
121,50,c<B>r<116>R<GLY>,c<A>r<175>R<GLN>,long,13.746247960807342
122,25,c<B>r<117>R<TRP>,c<A>r<97>R<ASN>,long,10.947848099055815
122,26,c<B>r<117>R<TRP>,c<A>r<98>R<THR>,long,12.54084327308176
122,50,c<B>r<117>R<TRP>,c<A>r<175>R<GLN>,long,13.676380040054461
122,74,c<B>r<117>R<TRP>,c<A>r<217>R<TYR>,long,12.441591578250753
123,24,c<B>r<118>R<PHE>,c<A>r<96>R<GLY>,long,13.774257475450353
123,25,c<B>r<118>R<PHE>,c<A>r<97>R<ASN>,long,11.285060655574695
123,26,c<B>r<118>R<PHE>,c<A>r<98>R<THR>,long,13.817018274577187
124,24,c<B>r<119>R<ARG>,c<A>r<96>R<GLY>,long,10.957415981881859
124,25,c<B>r<119>R<ARG>,c<A>r<97>R<ASN>,medium,9.154482945530019
124,26,c<B>r<119>R<ARG>,c<A>r<98>R<THR>,long,12.373307156940701
124,27,c<B>r<119>R<ARG>,c<A>r<99>R<LEU>,long,13.884905509221152
125,24,c<B>r<120>R<LEU>,c<A>r<96>R<GLY>,long,11.775130997148182
125,25,c<B>r<120>R<LEU>,c<A>r<97>R<ASN>,long,11.138658851046653
126,24,c<B>r<121>R<GLU>,c<A>r<96>R<GLY>,long,12.056184471050534
126,25,c<B>r<121>R<GLU>,c<A>r<97>R<ASN>,long,11.95532454599205
127,25,c<B>r<134>R<VAL>,c<A>r<97>R<ASN>,long,13.153446886652942
128,25,c<B>r<135>R<PHE>,c<A>r<97>R<ASN>,long,13.206103475287476
129,25,c<B>r<136>R<CYS>,c<A>r<97>R<ASN>,long,11.13742349019736
129,26,c<B>r<136>R<CYS>,c<A>r<98>R<THR>,long,13.078238642875421
130,25,c<B>r<137>R<PRO>,c<A>r<97>R<ASN>,long,13.708001240151681
131,48,c<B>r<138>R<GLN>,c<A>r<173>R<PRO>,long,12.53829182943195
131,49,c<B>r<138>R<GLN>,c<A>r<174>R<GLY>,long,12.24164086223738
131,50,c<B>r<138>R<GLN>,c<A>r<175>R<GLN>,long,13.352130728838747
132,25,c<B>r<139>R<GLN>,c<A>r<97>R<ASN>,long,13.265485140016553
132,26,c<B>r<139>R<GLN>,c<A>r<98>R<THR>,long,12.799778669961444
132,45,c<B>r<139>R<GLN>,c<A>r<170>R<SER>,long,13.946969025562508
132,46,c<B>r<139>R<GLN>,c<A>r<171>R<SER>,long,13.229545457044246
132,47,c<B>r<139>R<GLN>,c<A>r<172>R<TYR>,long,10.450194495797675
132,48,c<B>r<139>R<GLN>,c<A>r<173>R<PRO>,medium,9.073688996213173
132,49,c<B>r<139>R<GLN>,c<A>r<174>R<GLY>,medium,9.29951315930033
132,50,c<B>r<139>R<GLN>,c<A>r<175>R<GLN>,long,10.239309400540643
132,51,c<B>r<139>R<GLN>,c<A>r<176>R<ILE>,long,13.962731645347914
132,74,c<B>r<139>R<GLN>,c<A>r<217>R<TYR>,long,13.809341077690855
133,23,c<B>r<143>R<ASP>,c<A>r<95>R<ASN>,long,12.2856572473759
133,24,c<B>r<143>R<ASP>,c<A>r<96>R<GLY>,long,12.17520418719949
133,25,c<B>r<143>R<ASP>,c<A>r<97>R<ASN>,medium,9.19205678833633
133,26,c<B>r<143>R<ASP>,c<A>r<98>R<THR>,long,10.702018968400308
133,50,c<B>r<143>R<ASP>,c<A>r<175>R<GLN>,long,13.89237852205302
134,25,c<B>r<144>R<LYS>,c<A>r<97>R<ASN>,long,12.449179932830916
135,25,c<B>r<145>R<CYS>,c<A>r<97>R<ASN>,long,12.564871109565747
